method,n_samples,dimension,n_fits,head_median,head_q25,head_q75,backend_median,backend_q25,backend_q75,total_median,total_q25,total_q75
autog2m2,100,50,4,0.24746970902197057,0.2445429067884106,0.26544866722542787,0.5024664170341566,0.48512294827378355,0.5201213127875235,0.7686629380332306,0.7577808752830606,0.7761817717691883
autog2m2,500,50,5,0.7046003330033273,0.7037954999832436,0.7115694159874693,1.2796677079750225,1.2594066249439493,1.3538051249925047,1.983463207958266,1.9709760409314183,2.058405457995832
autog2m2,1000,50,5,2.2298933340935037,2.216265333001502,2.245283875032328,1.9545108329039067,1.6348875000840053,2.0111403330229223,4.170776165905409,3.864780834177509,4.209835458081216
autog2m2,5000,50,4,84.41791695851134,84.32649059424875,88.08830077052698,5.4483342915191315,5.088832635054132,5.957475541741587,90.61626937502297,89.84965985428424,94.3614578122797
pca,100,50,4,0.0017385624814778,0.00169876043219115,0.0017601563013158001,0.5180411874898709,0.4917403850122355,0.5341207084711641,0.5197100834338926,0.4934739787131548,0.5357763649662957
pca,500,50,5,0.0025153340538963,0.0024616250302642,0.0026354170404374,1.250445874989964,1.1791381249204278,1.4005579170770943,1.2530812920304015,1.1816534589743242,1.4036146671278402
pca,1000,50,5,0.0039354170439764,0.003855749964714,0.0039772909367457,1.7119217499857768,1.623963167075999,1.7350108749233186,1.715857167029753,1.6276119170943275,1.739047166891396
pca,5000,50,5,0.0141657079802826,0.0136254579992964,0.015328082954511,3.974610000033863,3.94927912496496,3.9977594580268487,3.990194666082971,3.962549291900359,4.011384916026145
umap,100,50,5,0.2130258330143988,0.2080753749469295,5.813858000095934,0.3564219590043649,0.3471550840185955,0.3721876669442281,0.575338166905567,0.5570189580321312,6.226940791122615
umap,500,50,5,1.129009708063677,1.1217849160311744,1.1447947080014274,0.8781043339986354,0.8516886250581592,0.8983343750005588,1.9998892500298096,1.9964833330595864,2.0157963749952614
umap,1000,50,5,2.5750233329599723,2.572175042005256,2.5866113329539075,1.509838042082265,1.4370918750064448,1.6434147079708057,4.084861375042237,4.0091868749586865,4.230026040924713
umap,5000,50,5,10.03034104197286,9.9217265000334,22.92215995793231,5.610511707956903,5.604227083036676,5.693204667069949,15.61493116710335,15.454864249913951,28.69912083283998
