dimension,method,median,q25,q75
2,autogmm_full,0.996999987999952,0.9658929809916301,1.0
4,autogmm_full,0.9940000124334879,0.9303865318464252,1.0
6,autogmm_full,0.9940000124334879,0.9374357641316019,1.0
8,autogmm_full,0.5706429960211015,0.15842775116578908,0.7946790575468075
10,autogmm_full,0.3169928921110121,0.0008243490366959,0.5697755477715718
12,autogmm_full,0.11012079333900329,0.000828335345158325,0.3806233601950224
14,autogmm_full,0.00667018523366855,0.00031829042978815,0.3751894893916605
16,autogmm_full,0.0029675838084407,-0.000300033210494625,0.37427913073973806
18,autogmm_full,0.0034943067317726,5.991366019358109e-05,0.33530910618305876
20,autogmm_full,0.000983046441847,-0.000872612260995525,0.00413080575844665
2,mclust,0.996999987999952,0.9658929809916301,1.0
4,mclust,0.8526393509279506,0.5921007458261043,1.0
6,mclust,0.0,0.0,0.0
8,mclust,0.0,0.0,0.0
10,mclust,0.0,0.0,0.0
12,mclust,0.0,0.0,0.0
14,mclust,0.0,0.0,0.0
16,mclust,0.0,0.0,0.0
18,mclust,0.0,0.0,0.0
20,mclust,0.0,0.0,0.0
