method,ari,selected_components,selected_covariance,elapsed_seconds,status,error_type,error_message,phase,rep,dimension
autogmm_euclidean_ward,0.5256200761863049,4,tied,0.13468845799798146,ok,,,initialization,0,10
autogmm_full,0.856161113113897,3,tied,0.30554500001017004,ok,,,initialization,0,10
autogmm_mahalanobis_ward,0.856161113113897,3,tied,0.08309304103022441,ok,,,initialization,0,10
mclust,0.824019378438264,3,EEE,1.0138131669955328,ok,,,initialization,0,10
autogmm_euclidean_ward,0.6335838480778963,4,tied,0.13041637500282377,ok,,,initialization,1,10
autogmm_full,0.8273755262122373,3,tied,0.3063594169798307,ok,,,initialization,1,10
autogmm_mahalanobis_ward,0.8273755262122373,3,tied,0.10566374997142702,ok,,,initialization,1,10
mclust,0.7098250066841197,4,EEE,1.4282375000184402,ok,,,initialization,1,10
autogmm_euclidean_ward,0.5242050321610963,5,tied,0.12722066702554002,ok,,,initialization,2,10
autogmm_full,0.9734222222222222,2,tied,0.3121265000081621,ok,,,initialization,2,10
autogmm_mahalanobis_ward,0.9734222222222222,2,tied,0.09238041698699817,ok,,,initialization,2,10
mclust,0.9734222222222222,2,EEE,1.3485787090030499,ok,,,initialization,2,10
autogmm_euclidean_ward,0.47231665360189545,5,tied,0.10664062498835847,ok,,,initialization,3,10
autogmm_full,0.7505027006963411,3,tied,0.31366929097566754,ok,,,initialization,3,10
autogmm_mahalanobis_ward,0.7505027006963411,3,tied,0.10558608395513147,ok,,,initialization,3,10
mclust,0.9602671674266209,2,EVE,1.59861683298368,ok,,,initialization,3,10
autogmm_euclidean_ward,0.5689174885185189,5,tied,0.08418249996611848,ok,,,initialization,4,10
autogmm_full,1.0,2,tied,0.257075542001985,ok,,,initialization,4,10
autogmm_mahalanobis_ward,1.0,2,tied,0.08249375002924353,ok,,,initialization,4,10
mclust,1.0,2,VEE,1.082168124965392,ok,,,initialization,4,10
autogmm_euclidean_ward,0.48349797191500793,5,tied,0.08913570799631998,ok,,,initialization,5,10
autogmm_full,0.9866665195128234,2,tied,0.29479704098775983,ok,,,initialization,5,10
autogmm_mahalanobis_ward,0.9866665195128234,2,tied,0.0938130840077065,ok,,,initialization,5,10
mclust,0.5917332523696586,4,EEE,1.234475042030681,ok,,,initialization,5,10
autogmm_euclidean_ward,0.61001160945518,4,tied,0.09679504204541445,ok,,,initialization,6,10
autogmm_full,1.0,2,tied,0.29399408295284957,ok,,,initialization,6,10
autogmm_mahalanobis_ward,1.0,2,tied,0.09090391697827727,ok,,,initialization,6,10
mclust,0.8315197343052553,3,VVE,2.321178041980602,ok,,,initialization,6,10
autogmm_euclidean_ward,0.769194260169358,3,tied,0.08689370803767815,ok,,,initialization,7,10
autogmm_full,0.9734222380777103,2,tied,0.27867724996758625,ok,,,initialization,7,10
autogmm_mahalanobis_ward,0.9734222380777103,2,tied,0.0913258750224486,ok,,,initialization,7,10
mclust,0.7747320548540563,3,EEE,1.150055334030185,ok,,,initialization,7,10
autogmm_euclidean_ward,0.9866665195128234,2,tied,0.0952945000026375,ok,,,initialization,8,10
autogmm_full,0.9866665195128234,2,tied,0.29249104094924405,ok,,,initialization,8,10
autogmm_mahalanobis_ward,0.9866665195128234,2,tied,0.1077399579808116,ok,,,initialization,8,10
mclust,0.9866665195128234,2,EEE,1.375942207989283,ok,,,initialization,8,10
autogmm_euclidean_ward,0.7758413614916755,4,tied,0.10047187499003485,ok,,,initialization,9,10
autogmm_full,0.9866665195128234,2,tied,0.2528787920018658,ok,,,initialization,9,10
autogmm_mahalanobis_ward,0.9866665195128234,2,tied,0.07241204200545326,ok,,,initialization,9,10
mclust,0.9866665195128234,2,EEE,1.02737020800123,ok,,,initialization,9,10
autogmm_euclidean_ward,0.7225940553768417,4,tied,0.1212639170116745,ok,,,initialization,10,10
autogmm_full,1.0,2,tied,0.2632686669821851,ok,,,initialization,10,10
autogmm_mahalanobis_ward,1.0,2,tied,0.08872708299895748,ok,,,initialization,10,10
mclust,0.9867997155429978,3,EEE,1.461519667005632,ok,,,initialization,10,10
autogmm_euclidean_ward,0.9866665195128234,2,tied,0.13534712500404567,ok,,,initialization,11,10
autogmm_full,0.9866665195128234,2,tied,0.3046589170116931,ok,,,initialization,11,10
autogmm_mahalanobis_ward,0.9866665195128234,2,tied,0.10238608397776261,ok,,,initialization,11,10
mclust,0.7390454116179336,3,EEE,1.331840624974575,ok,,,initialization,11,10
autogmm_euclidean_ward,0.9734222222222222,2,tied,0.10956016700947657,ok,,,initialization,12,10
autogmm_full,0.9734222222222222,2,tied,0.3062370829866268,ok,,,initialization,12,10
autogmm_mahalanobis_ward,0.9734222222222222,2,tied,0.07069141697138548,ok,,,initialization,12,10
mclust,0.0,1,XXX,1.4277317919768393,ok,,,initialization,12,10
autogmm_euclidean_ward,0.9602671200198181,2,tied,0.08598120900569484,ok,,,initialization,13,10
autogmm_full,0.9602671200198181,2,tied,0.25842529197689146,ok,,,initialization,13,10
autogmm_mahalanobis_ward,0.0,1,full,0.08594033401459455,ok,,,initialization,13,10
mclust,0.727063067236774,3,VVE,1.2276406250311993,ok,,,initialization,13,10
autogmm_euclidean_ward,0.0,1,full,0.09934308397350833,ok,,,initialization,14,10
autogmm_full,1.0,2,tied,0.28148570796474814,ok,,,initialization,14,10
autogmm_mahalanobis_ward,1.0,2,tied,0.10848608403466642,ok,,,initialization,14,10
mclust,0.8058137910697935,3,EVE,1.5535924169817008,ok,,,initialization,14,10
autogmm_euclidean_ward,0.7022645943093279,4,tied,0.08916795800905675,ok,,,initialization,15,10
autogmm_full,0.8889653444805984,3,tied,0.30296812497545034,ok,,,initialization,15,10
autogmm_mahalanobis_ward,0.8889653444805984,3,tied,0.1274684580275789,ok,,,initialization,15,10
mclust,1.0,2,EEE,1.202871082990896,ok,,,initialization,15,10
autogmm_euclidean_ward,0.9866665195128234,2,tied,0.0956474170088768,ok,,,initialization,16,10
autogmm_full,0.9866665195128234,2,tied,0.2684847080381587,ok,,,initialization,16,10
autogmm_mahalanobis_ward,0.9866665195128234,2,tied,0.0794785000034608,ok,,,initialization,16,10
mclust,0.6855152531719745,4,EEE,0.9879105419968255,ok,,,initialization,16,10
autogmm_euclidean_ward,0.59003495080558,5,tied,0.08164679200854152,ok,,,initialization,17,10
autogmm_full,0.9363541018252627,3,tied,0.26505208300659433,ok,,,initialization,17,10
autogmm_mahalanobis_ward,0.9363541018252627,3,tied,0.10103158402489498,ok,,,initialization,17,10
mclust,0.9866665195128234,2,EEE,1.2477163749863394,ok,,,initialization,17,10
autogmm_euclidean_ward,0.8958294432039116,2,tied,0.11515033297473565,ok,,,initialization,18,10
autogmm_full,0.8958294432039116,2,tied,0.2955947919981554,ok,,,initialization,18,10
autogmm_mahalanobis_ward,0.0,1,full,0.08807295799488202,ok,,,initialization,18,10
mclust,0.7612049165063008,3,EEE,1.1215997079852968,ok,,,initialization,18,10
autogmm_euclidean_ward,0.910437163165256,4,tied,0.08229537500301376,ok,,,initialization,19,10
autogmm_full,0.9734222380777103,2,tied,0.26940975000616163,ok,,,initialization,19,10
autogmm_mahalanobis_ward,0.9734222380777103,2,tied,0.10372941696550697,ok,,,initialization,19,10
mclust,0.9354203186323937,3,EEE,1.1324288750183769,ok,,,initialization,19,10
autogmm_euclidean_ward,0.4964946290019553,5,tied,0.1216141670010984,ok,,,initialization,20,10
autogmm_full,1.0,2,tied,0.2634403330157511,ok,,,initialization,20,10
autogmm_mahalanobis_ward,1.0,2,tied,0.08103050000499934,ok,,,initialization,20,10
mclust,0.8769189521219273,3,VVE,3.3728132499963976,ok,,,initialization,20,10
autogmm_euclidean_ward,0.0,1,full,0.09245891700265929,ok,,,initialization,21,10
autogmm_full,1.0,2,tied,0.25183187500806525,ok,,,initialization,21,10
autogmm_mahalanobis_ward,1.0,2,tied,0.08417241700226441,ok,,,initialization,21,10
mclust,1.0,2,VVE,1.6105635830317624,ok,,,initialization,21,10
autogmm_euclidean_ward,0.6632643082177229,4,tied,0.09556108398828655,ok,,,initialization,22,10
autogmm_full,0.7577160813991792,3,tied,0.2775975829572417,ok,,,initialization,22,10
autogmm_mahalanobis_ward,0.7577160813991792,3,tied,0.09047379205003381,ok,,,initialization,22,10
mclust,0.8865599846510143,3,EEE,1.0077997909975238,ok,,,initialization,22,10
autogmm_euclidean_ward,0.6495300239654181,4,tied,0.08544724999228492,ok,,,initialization,23,10
autogmm_full,1.0,2,tied,0.26621491700643674,ok,,,initialization,23,10
autogmm_mahalanobis_ward,1.0,2,tied,0.07707554200896993,ok,,,initialization,23,10
mclust,1.0,2,EVE,1.1163989580236375,ok,,,initialization,23,10
autogmm_euclidean_ward,0.9866665195128234,2,tied,0.08323333400767297,ok,,,initialization,24,10
autogmm_full,0.9866665195128234,2,tied,0.2596569170127623,ok,,,initialization,24,10
autogmm_mahalanobis_ward,0.9866665195128234,2,tied,0.10300087498035282,ok,,,initialization,24,10
mclust,0.7290394413572769,3,EEE,1.2459829999716021,ok,,,initialization,24,10
autogmm_euclidean_ward,0.47215196833076756,5,tied,0.08721445902483538,ok,,,initialization,25,10
autogmm_full,0.7534172453811679,3,tied,0.28492083301534876,ok,,,initialization,25,10
autogmm_mahalanobis_ward,0.7534172453811679,3,tied,0.10308279196033254,ok,,,initialization,25,10
mclust,1.0,2,EEE,1.001966874988284,ok,,,initialization,25,10
autogmm_euclidean_ward,0.0,1,full,0.06701679097022861,ok,,,initialization,26,10
autogmm_full,0.9085385669591995,2,tied,0.25348054099595174,ok,,,initialization,26,10
autogmm_mahalanobis_ward,0.9085385669591995,2,tied,0.11271158297313377,ok,,,initialization,26,10
mclust,0.0,1,XXX,1.1539988340227865,ok,,,initialization,26,10
autogmm_euclidean_ward,0.7095923352323672,4,tied,0.07165079197147861,ok,,,initialization,27,10
autogmm_full,1.0,2,tied,0.23087645799387246,ok,,,initialization,27,10
autogmm_mahalanobis_ward,1.0,2,tied,0.08017300005303696,ok,,,initialization,27,10
mclust,0.9086457384759888,3,VVE,1.7099642499815673,ok,,,initialization,27,10
autogmm_euclidean_ward,0.0,1,full,0.09809124999446794,ok,,,initialization,28,10
autogmm_full,1.0,2,tied,0.28020329104037955,ok,,,initialization,28,10
autogmm_mahalanobis_ward,1.0,2,tied,0.08132895897142589,ok,,,initialization,28,10
mclust,0.672569820016527,4,VVE,1.1579596670344472,ok,,,initialization,28,10
autogmm_euclidean_ward,0.6522118912203738,4,tied,0.09670629096217453,ok,,,initialization,29,10
autogmm_full,0.9866665195128234,2,tied,0.2565917919855565,ok,,,initialization,29,10
autogmm_mahalanobis_ward,0.9866665195128234,2,tied,0.07043287495616823,ok,,,initialization,29,10
mclust,0.9866665195128234,2,EEE,1.0818757499800995,ok,,,initialization,29,10
autogmm_euclidean_ward,0.4384720217754095,5,tied,0.12374279199866578,ok,,,initialization,30,10
autogmm_full,0.9734222222222222,2,tied,0.2790549169876613,ok,,,initialization,30,10
autogmm_mahalanobis_ward,0.9734222222222222,2,tied,0.10837879095925018,ok,,,initialization,30,10
mclust,0.9866665195128234,2,VVE,1.8133397500496358,ok,,,initialization,30,10
autogmm_euclidean_ward,0.8570156048220743,4,tied,0.07949241599999368,ok,,,initialization,31,10
autogmm_full,0.8570156048220743,4,tied,0.2422468329896219,ok,,,initialization,31,10
autogmm_mahalanobis_ward,0.0,1,full,0.13036433403613046,ok,,,initialization,31,10
mclust,0.9602671674266209,2,EEE,0.9637375000165775,ok,,,initialization,31,10
autogmm_euclidean_ward,0.5075459648415179,4,tied,0.08799583395011723,ok,,,initialization,32,10
autogmm_full,1.0,2,tied,0.2745946670183912,ok,,,initialization,32,10
autogmm_mahalanobis_ward,1.0,2,tied,0.08180237497435883,ok,,,initialization,32,10
mclust,0.7618591021878112,3,EEE,1.1704176670173183,ok,,,initialization,32,10
autogmm_euclidean_ward,0.7489504617968094,3,tied,0.1317431250354275,ok,,,initialization,33,10
autogmm_full,1.0,2,tied,0.3231810000143014,ok,,,initialization,33,10
autogmm_mahalanobis_ward,1.0,2,tied,0.0860622079926543,ok,,,initialization,33,10
mclust,1.0,2,EVE,2.106714459019713,ok,,,initialization,33,10
autogmm_euclidean_ward,0.0,1,full,0.08184041699860245,ok,,,initialization,34,10
autogmm_full,0.8958296296384677,2,tied,0.27136212500045076,ok,,,initialization,34,10
autogmm_mahalanobis_ward,0.8958296296384677,2,tied,0.09137512499000877,ok,,,initialization,34,10
mclust,0.0,1,XXX,0.8244213750003837,ok,,,initialization,34,10
autogmm_euclidean_ward,0.5508486031919914,4,tied,0.0906211250112392,ok,,,initialization,35,10
autogmm_full,1.0,2,tied,0.24626333301421255,ok,,,initialization,35,10
autogmm_mahalanobis_ward,1.0,2,tied,0.08573383296607062,ok,,,initialization,35,10
mclust,1.0,2,EVE,1.886384665966034,ok,,,initialization,35,10
autogmm_euclidean_ward,0.9866665195128234,2,tied,0.07857437495840713,ok,,,initialization,36,10
autogmm_full,0.9866665195128234,2,tied,0.27014454099116847,ok,,,initialization,36,10
autogmm_mahalanobis_ward,0.5029960157196152,4,tied,0.10614225000608712,ok,,,initialization,36,10
mclust,0.9866665195128234,2,EEE,1.046826375008095,ok,,,initialization,36,10
autogmm_euclidean_ward,0.5985654143288317,4,tied,0.08435595798073336,ok,,,initialization,37,10
autogmm_full,1.0,2,tied,0.27439508301904425,ok,,,initialization,37,10
autogmm_mahalanobis_ward,1.0,2,tied,0.0914562499965541,ok,,,initialization,37,10
mclust,0.8158507887175845,3,VVE,1.409546082955785,ok,,,initialization,37,10
autogmm_euclidean_ward,0.6335802369587924,4,tied,0.10973700002068654,ok,,,initialization,38,10
autogmm_full,0.6335802369587924,4,tied,0.30940345802810043,ok,,,initialization,38,10
autogmm_mahalanobis_ward,0.0,1,full,0.09283724997658283,ok,,,initialization,38,10
mclust,1.0,2,EEE,1.1859275419847108,ok,,,initialization,38,10
autogmm_euclidean_ward,0.0,1,full,0.08293495798716322,ok,,,initialization,39,10
autogmm_full,1.0,2,tied,0.24956208397634327,ok,,,initialization,39,10
autogmm_mahalanobis_ward,1.0,2,tied,0.07898212503641844,ok,,,initialization,39,10
mclust,0.7946840180711626,3,EEE,0.8546750419773161,ok,,,initialization,39,10
autogmm_euclidean_ward,0.7470856985748324,3,tied,0.12606112495996058,ok,,,initialization,40,10
autogmm_full,0.739486583789611,3,tied,0.294037958025001,ok,,,initialization,40,10
autogmm_mahalanobis_ward,0.739486583789611,3,tied,0.0951535000349395,ok,,,initialization,40,10
mclust,0.0,1,XXX,0.8633677500183694,ok,,,initialization,40,10
autogmm_euclidean_ward,0.5916356512842018,5,tied,0.12726012500934303,ok,,,initialization,41,10
autogmm_full,1.0,2,tied,0.27519254200160503,ok,,,initialization,41,10
autogmm_mahalanobis_ward,1.0,2,tied,0.09917554102139547,ok,,,initialization,41,10
mclust,0.7618591021878112,3,EEE,1.136448500037659,ok,,,initialization,41,10
autogmm_euclidean_ward,0.0,1,full,0.08588220801902935,ok,,,initialization,42,10
autogmm_full,0.0,1,full,0.2738460410037078,ok,,,initialization,42,10
autogmm_mahalanobis_ward,0.0,1,full,0.10438729199813679,ok,,,initialization,42,10
mclust,0.5668050961277535,4,EEE,0.8350115409702994,ok,,,initialization,42,10
autogmm_euclidean_ward,0.7863423842055872,4,tied,0.08243720803875476,ok,,,initialization,43,10
autogmm_full,0.9866665195128234,2,tied,0.23337529198033735,ok,,,initialization,43,10
autogmm_mahalanobis_ward,0.9866665195128234,2,tied,0.08041887503350154,ok,,,initialization,43,10
mclust,0.9866665195128234,2,EVE,2.363562374957837,ok,,,initialization,43,10
autogmm_euclidean_ward,0.6216014463223652,4,tied,0.08284420799463987,ok,,,initialization,44,10
autogmm_full,0.9866665195128234,2,tied,0.25062904198421165,ok,,,initialization,44,10
autogmm_mahalanobis_ward,0.9866665195128234,2,tied,0.07907995901769027,ok,,,initialization,44,10
mclust,0.7657518689315788,3,EEE,0.7967696670093574,ok,,,initialization,44,10
autogmm_euclidean_ward,0.7003432370097011,5,tied,0.10489304200746119,ok,,,initialization,45,10
autogmm_full,0.8005783422239222,3,tied,0.30765137501293793,ok,,,initialization,45,10
autogmm_mahalanobis_ward,0.43580960532379254,5,tied,0.12004016700666398,ok,,,initialization,45,10
mclust,1.0,2,EEE,1.7159432499902323,ok,,,initialization,45,10
autogmm_euclidean_ward,0.5031979852924195,4,tied,0.12114724999992177,ok,,,initialization,46,10
autogmm_full,0.5071302186381293,4,tied,0.2968080000136979,ok,,,initialization,46,10
autogmm_mahalanobis_ward,0.5071302186381293,4,tied,0.08742804202483967,ok,,,initialization,46,10
mclust,0.7363698634124192,4,EVE,1.5142496249754913,ok,,,initialization,46,10
autogmm_euclidean_ward,0.7187961843342738,4,tied,0.08693862496875226,ok,,,initialization,47,10
autogmm_full,1.0,2,tied,0.25634870905196294,ok,,,initialization,47,10
autogmm_mahalanobis_ward,1.0,2,tied,0.09477283403975889,ok,,,initialization,47,10
mclust,1.0,2,VVE,1.538728874991648,ok,,,initialization,47,10
autogmm_euclidean_ward,0.0,1,full,0.09251758299069479,ok,,,initialization,48,10
autogmm_full,0.9866665195128234,2,tied,0.2698625840130262,ok,,,initialization,48,10
autogmm_mahalanobis_ward,0.9866665195128234,2,tied,0.10052016604458913,ok,,,initialization,48,10
mclust,0.510292381307482,4,EEE,1.1143874170375057,ok,,,initialization,48,10
autogmm_euclidean_ward,0.0,1,full,0.10263062501326203,ok,,,initialization,49,10
autogmm_full,0.9602671200198181,2,tied,0.2474939160165377,ok,,,initialization,49,10
autogmm_mahalanobis_ward,0.9602671200198181,2,tied,0.08322658395627514,ok,,,initialization,49,10
mclust,0.0,1,XXX,0.994777417043224,ok,,,initialization,49,10
