method,ari,selected_components,selected_covariance,elapsed_seconds,status,error_type,error_message,phase,rep,expand_dim,dimension
autogmm_full,0.8086432610267085,3,tied,0.14260087499860674,ok,,,dimension,0,1,2
mclust,0.8137011596054974,3,EEE,0.2860610829666257,ok,,,dimension,0,1,2
autogmm_full,0.9880360967227001,3,tied,0.12658058304805309,ok,,,dimension,1,1,2
mclust,0.9880360967227001,3,EEE,0.23235808400204405,ok,,,dimension,1,1,2
autogmm_full,0.9132888097817452,3,tied,0.1380320840398781,ok,,,dimension,2,1,2
mclust,0.9132888097817452,3,EEE,0.24530916701769456,ok,,,dimension,2,1,2
autogmm_full,1.0,3,tied,0.19538587500574067,ok,,,dimension,3,1,2
mclust,1.0,3,EEE,0.323569750005845,ok,,,dimension,3,1,2
autogmm_full,0.9135494732606443,3,tied,0.1785327919642441,ok,,,dimension,4,1,2
mclust,0.9080679216166285,3,EEE,0.30817299999762326,ok,,,dimension,4,1,2
autogmm_full,0.5689744172121162,2,tied,0.11617141700116917,ok,,,dimension,5,1,2
mclust,0.5689744172121162,2,EEE,0.22184012498473749,ok,,,dimension,5,1,2
autogmm_full,0.9939819401820035,3,tied,0.10831799998413771,ok,,,dimension,6,1,2
mclust,0.9939819401820035,3,EEE,0.1548815420246683,ok,,,dimension,6,1,2
autogmm_full,1.0,3,tied,0.11636666703270748,ok,,,dimension,7,1,2
mclust,1.0,3,EEE,0.14915670797927305,ok,,,dimension,7,1,2
autogmm_full,1.0,3,tied,0.09978195797884837,ok,,,dimension,8,1,2
mclust,1.0,3,EEE,0.14658833300927654,ok,,,dimension,8,1,2
autogmm_full,1.0,3,tied,0.09997345798183233,ok,,,dimension,9,1,2
mclust,1.0,3,EEE,0.12174137495458126,ok,,,dimension,9,1,2
autogmm_full,1.0,3,tied,0.1024217500234954,ok,,,dimension,10,1,2
mclust,1.0,3,EEE,0.1493000410264358,ok,,,dimension,10,1,2
autogmm_full,0.9703616871746924,3,tied,0.13147641601972282,ok,,,dimension,11,1,2
mclust,0.9703616871746924,3,EEE,0.20722170796943828,ok,,,dimension,11,1,2
autogmm_full,0.9702711459441313,3,tied,0.1520476249861531,ok,,,dimension,12,1,2
mclust,0.9702711459441313,3,EEE,0.21646112500457093,ok,,,dimension,12,1,2
autogmm_full,1.0,3,tied,0.12629033299162984,ok,,,dimension,13,1,2
mclust,1.0,3,EEE,0.1983537920168601,ok,,,dimension,13,1,2
autogmm_full,1.0,3,tied,0.12133833399275318,ok,,,dimension,14,1,2
mclust,1.0,3,EEE,0.1686130830203183,ok,,,dimension,14,1,2
autogmm_full,0.9880360967227001,3,tied,0.14445624995278195,ok,,,dimension,15,1,2
mclust,0.9880360967227001,3,EEE,0.20113637496251613,ok,,,dimension,15,1,2
autogmm_full,0.993999975999904,3,tied,0.11398508300771937,ok,,,dimension,16,1,2
mclust,0.993999975999904,3,EEE,0.17618995800148696,ok,,,dimension,16,1,2
autogmm_full,1.0,3,tied,0.10963345802156255,ok,,,dimension,17,1,2
mclust,1.0,3,EEE,0.16874683398054913,ok,,,dimension,17,1,2
autogmm_full,1.0,3,tied,0.1347700419719331,ok,,,dimension,18,1,2
mclust,1.0,3,EEE,0.15148595796199515,ok,,,dimension,18,1,2
autogmm_full,0.7118193317157153,3,tied,0.12033616699045524,ok,,,dimension,19,1,2
mclust,0.7041723189379273,3,EEE,0.23301525000715628,ok,,,dimension,19,1,2
autogmm_full,1.0,3,tied,0.11604895803611726,ok,,,dimension,20,1,2
mclust,1.0,3,EEE,0.1469696249696426,ok,,,dimension,20,1,2
autogmm_full,0.993999975999904,3,tied,0.10011374996975064,ok,,,dimension,21,1,2
mclust,0.993999975999904,3,EEE,0.14723279199097306,ok,,,dimension,21,1,2
autogmm_full,0.8816301394235084,3,tied,0.1617974160471931,ok,,,dimension,22,1,2
mclust,0.8922169431930176,3,EEE,0.26278520800406113,ok,,,dimension,22,1,2
autogmm_full,1.0,3,tied,0.1304231250542216,ok,,,dimension,23,1,2
mclust,1.0,3,EEE,0.22785179095808417,ok,,,dimension,23,1,2
autogmm_full,1.0,3,tied,0.1009675829554908,ok,,,dimension,24,1,2
mclust,1.0,3,EEE,0.1880956250242889,ok,,,dimension,24,1,2
autogmm_full,0.8608901211173711,3,tied,0.1237970829824917,ok,,,dimension,25,1,2
mclust,0.8608901211173711,3,EEE,0.23890333296731114,ok,,,dimension,25,1,2
autogmm_full,1.0,3,tied,0.10669112502364442,ok,,,dimension,26,1,2
mclust,1.0,3,EEE,0.12451466597849503,ok,,,dimension,26,1,2
autogmm_full,0.9416269814477174,3,tied,0.12684624997200444,ok,,,dimension,27,1,2
mclust,0.9303903360101129,3,EEE,0.1683286249754019,ok,,,dimension,27,1,2
autogmm_full,0.5711835334476844,2,tied,0.11076179100200534,ok,,,dimension,28,1,2
mclust,0.5711835334476844,2,VEE,0.20770233299117535,ok,,,dimension,28,1,2
autogmm_full,1.0,3,tied,0.11050558398710564,ok,,,dimension,29,1,2
mclust,1.0,3,EEE,0.19476737501099706,ok,,,dimension,29,1,2
autogmm_full,0.9702725900485715,3,tied,0.1627332090283744,ok,,,dimension,30,1,2
mclust,0.9702725900485715,3,EEE,0.3303006250062026,ok,,,dimension,30,1,2
autogmm_full,1.0,3,tied,0.12313291698228568,ok,,,dimension,31,1,2
mclust,1.0,3,EEE,0.18556491698836908,ok,,,dimension,31,1,2
autogmm_full,0.9880360967227001,3,tied,0.10988520795945078,ok,,,dimension,32,1,2
mclust,0.9880360967227001,3,EEV,0.22708045900799334,ok,,,dimension,32,1,2
autogmm_full,0.9880002434649399,3,tied,0.10968400002457201,ok,,,dimension,33,1,2
mclust,0.9880002434649399,3,EEE,0.1932257500011474,ok,,,dimension,33,1,2
autogmm_full,0.8098949961531099,3,tied,0.13618829101324081,ok,,,dimension,34,1,2
mclust,0.7940289866717498,3,EEE,0.36744045902742073,ok,,,dimension,34,1,2
autogmm_full,0.9644335926741298,3,tied,0.1314653329900466,ok,,,dimension,35,1,2
mclust,0.9644335926741298,3,EEE,0.14491879200795665,ok,,,dimension,35,1,2
autogmm_full,0.9585796566694488,3,tied,0.12790341599611565,ok,,,dimension,36,1,2
mclust,0.9585796566694488,3,EEE,0.2068329169997014,ok,,,dimension,36,1,2
autogmm_full,1.0,3,tied,0.10494024999206886,ok,,,dimension,37,1,2
mclust,1.0,3,EEE,0.12393624999094754,ok,,,dimension,37,1,2
autogmm_full,1.0,3,tied,0.09866920800413936,ok,,,dimension,38,1,2
mclust,1.0,3,EEE,0.1703533340478316,ok,,,dimension,38,1,2
autogmm_full,1.0,3,tied,0.12069008400430903,ok,,,dimension,39,1,2
mclust,1.0,3,EEE,0.18621245899703354,ok,,,dimension,39,1,2
autogmm_full,0.988036532598244,3,tied,0.15692045801552013,ok,,,dimension,40,1,2
mclust,0.988036532598244,3,EEE,0.1803720829775557,ok,,,dimension,40,1,2
autogmm_full,1.0,3,tied,0.1180040409672074,ok,,,dimension,41,1,2
mclust,1.0,3,EEE,0.13079191703582183,ok,,,dimension,41,1,2
autogmm_full,1.0,3,tied,0.12486633303342387,ok,,,dimension,42,1,2
mclust,1.0,3,EEE,0.15300966700306162,ok,,,dimension,42,1,2
autogmm_full,1.0,3,tied,0.1560331250075251,ok,,,dimension,43,1,2
mclust,1.0,3,EEE,0.21181250002700835,ok,,,dimension,43,1,2
autogmm_full,0.9880002434649399,3,tied,0.12630729202646762,ok,,,dimension,44,1,2
mclust,0.9880002434649399,3,EEE,0.10735562501940876,ok,,,dimension,44,1,2
autogmm_full,1.0,3,tied,0.11775425000814721,ok,,,dimension,45,1,2
mclust,1.0,3,EEE,0.14892999996664003,ok,,,dimension,45,1,2
autogmm_full,0.9248198894187319,3,tied,0.14730679098283872,ok,,,dimension,46,1,2
mclust,0.9248198894187319,3,EEE,0.16155899997102097,ok,,,dimension,46,1,2
autogmm_full,1.0,3,tied,0.11451520799892023,ok,,,dimension,47,1,2
mclust,1.0,3,EEE,0.10973604198079556,ok,,,dimension,47,1,2
autogmm_full,1.0,3,tied,0.11583258298924193,ok,,,dimension,48,1,2
mclust,1.0,3,EEE,0.17017912497976795,ok,,,dimension,48,1,2
autogmm_full,1.0,3,tied,0.167184374993667,ok,,,dimension,49,1,2
mclust,1.0,3,EEE,0.16955995798343793,ok,,,dimension,49,1,2
autogmm_full,0.8086432610267085,3,tied,0.170259167032782,ok,,,dimension,0,2,4
mclust,0.0,1,XXX,0.07359545800136402,ok,,,dimension,0,2,4
autogmm_full,0.9880360967227001,3,tied,0.15454370802035555,ok,,,dimension,1,2,4
mclust,0.9880360967227001,3,EVE,0.22566658299183473,ok,,,dimension,1,2,4
autogmm_full,0.9299372836585482,3,tied,0.1586916249943897,ok,,,dimension,2,2,4
mclust,0.9299372836585482,3,EEE,0.3008459999691695,ok,,,dimension,2,2,4
autogmm_full,0.3125671137521198,3,full,0.17741050000768155,ok,,,dimension,3,2,4
mclust,0.7753414181973529,5,VEE,0.31667137501062825,ok,,,dimension,3,2,4
autogmm_full,0.5033983831564113,5,tied,0.19493199995486066,ok,,,dimension,4,2,4
mclust,0.5495080817479653,5,EVE,0.298787708976306,ok,,,dimension,4,2,4
autogmm_full,0.37699417753089826,4,tied,0.17981329199392349,ok,,,dimension,5,2,4
mclust,0.37699417753089826,4,EEE,0.14686170796630904,ok,,,dimension,5,2,4
autogmm_full,0.9939819401820035,3,tied,0.13631854200502858,ok,,,dimension,6,2,4
mclust,0.9939819401820035,3,EEE,0.23146591696422547,ok,,,dimension,6,2,4
autogmm_full,1.0,3,tied,0.1113297920092009,ok,,,dimension,7,2,4
mclust,1.0,3,VEE,0.2722312500118278,ok,,,dimension,7,2,4
autogmm_full,1.0,3,tied,0.19384637504117563,ok,,,dimension,8,2,4
mclust,1.0,3,EEE,0.2523167079780251,ok,,,dimension,8,2,4
autogmm_full,1.0,3,tied,0.11155416700057685,ok,,,dimension,9,2,4
mclust,0.7619607873141104,5,EEE,0.18831695796689019,ok,,,dimension,9,2,4
autogmm_full,1.0,3,tied,0.1734346660086885,ok,,,dimension,10,2,4
mclust,0.765645360546259,5,VVE,0.22164358297595754,ok,,,dimension,10,2,4
autogmm_full,0.9277582049823948,4,tied,0.22089208400575444,ok,,,dimension,11,2,4
mclust,0.7398409692140467,5,VVE,0.23747458402067423,ok,,,dimension,11,2,4
autogmm_full,0.9702711459441313,3,tied,0.15455470903543755,ok,,,dimension,12,2,4
mclust,0.5625968515592094,5,EVE,0.22333608398912475,ok,,,dimension,12,2,4
autogmm_full,1.0,3,tied,0.14555754198227078,ok,,,dimension,13,2,4
mclust,1.0,3,VEE,0.2178917499841191,ok,,,dimension,13,2,4
autogmm_full,1.0,3,tied,0.11632725002709776,ok,,,dimension,14,2,4
mclust,1.0,3,EEE,0.19329979200847447,ok,,,dimension,14,2,4
autogmm_full,0.9880360967227001,3,tied,0.12840862502343953,ok,,,dimension,15,2,4
mclust,0.9880360967227001,3,EEE,0.21039349999045953,ok,,,dimension,15,2,4
autogmm_full,0.993999975999904,3,tied,0.14406704204156995,ok,,,dimension,16,2,4
mclust,0.5816719721218337,5,EVE,0.1858964579878375,ok,,,dimension,16,2,4
autogmm_full,1.0,3,tied,0.14937858300982043,ok,,,dimension,17,2,4
mclust,0.7629511888225193,5,VVE,0.22003525000764057,ok,,,dimension,17,2,4
autogmm_full,1.0,3,tied,0.13279670797055587,ok,,,dimension,18,2,4
mclust,1.0,3,VEE,0.1715516250114888,ok,,,dimension,18,2,4
autogmm_full,0.37435925796730785,4,tied,0.12444804096594453,ok,,,dimension,19,2,4
mclust,0.37435925796730785,4,EEE,0.1600379589945078,ok,,,dimension,19,2,4
autogmm_full,1.0,3,tied,0.11850845796288922,ok,,,dimension,20,2,4
mclust,0.7621504859257571,5,VVE,0.2860005420516245,ok,,,dimension,20,2,4
autogmm_full,1.0,3,tied,0.1334490419831127,ok,,,dimension,21,2,4
mclust,0.5835030483233862,5,EVE,0.1307609590003267,ok,,,dimension,21,2,4
autogmm_full,0.47523098220312443,5,tied,0.18571012502070516,ok,,,dimension,22,2,4
mclust,0.3731567916495511,4,VEE,0.2118937919731252,ok,,,dimension,22,2,4
autogmm_full,1.0,3,tied,0.1289963330491446,ok,,,dimension,23,2,4
mclust,1.0,3,EEE,0.18189399997936562,ok,,,dimension,23,2,4
autogmm_full,1.0,3,tied,0.10478049999801442,ok,,,dimension,24,2,4
mclust,1.0,3,VEE,0.17756654100958258,ok,,,dimension,24,2,4
autogmm_full,0.4779839370820295,5,tied,0.1904924580012448,ok,,,dimension,25,2,4
mclust,0.5072938719750917,3,EVE,0.24346020899247378,ok,,,dimension,25,2,4
autogmm_full,1.0,3,tied,0.12889783299760893,ok,,,dimension,26,2,4
mclust,1.0,3,EEE,0.1553754579508677,ok,,,dimension,26,2,4
autogmm_full,0.9303861091444605,3,tied,0.17283466702792794,ok,,,dimension,27,2,4
mclust,0.5418235200556704,5,EVE,0.15275462495628744,ok,,,dimension,27,2,4
autogmm_full,0.3732270186072444,4,tied,0.11876266699982807,ok,,,dimension,28,2,4
mclust,0.3732270186072444,4,EEE,0.16612520901253447,ok,,,dimension,28,2,4
autogmm_full,1.0,3,tied,0.13693724997574463,ok,,,dimension,29,2,4
mclust,0.7646987059169871,5,VVE,0.269763124990277,ok,,,dimension,29,2,4
autogmm_full,0.9702725900485715,3,tied,0.15399341599550098,ok,,,dimension,30,2,4
mclust,0.7396261923131671,5,VVE,0.23085074999835342,ok,,,dimension,30,2,4
autogmm_full,1.0,3,tied,0.10587487497832626,ok,,,dimension,31,2,4
mclust,1.0,3,EEE,0.2074527080403641,ok,,,dimension,31,2,4
autogmm_full,0.9940000488670718,3,tied,0.13025491702137515,ok,,,dimension,32,2,4
mclust,0.6178938383342588,5,EVE,0.1808096249587834,ok,,,dimension,32,2,4
autogmm_full,0.9761468003968594,3,tied,0.12089062499580905,ok,,,dimension,33,2,4
mclust,0.9761468003968594,3,EEE,0.160577375034336,ok,,,dimension,33,2,4
autogmm_full,0.00305002071518733,3,tied,0.17970291699748486,ok,,,dimension,34,2,4
mclust,0.0023483252269317976,3,EEE,0.2833700829651207,ok,,,dimension,34,2,4
autogmm_full,0.9761450623098201,3,tied,0.13150637497892603,ok,,,dimension,35,2,4
mclust,0.9761450623098201,3,VEE,0.18930308299604803,ok,,,dimension,35,2,4
autogmm_full,0.9585796566694488,3,tied,0.13523462502053007,ok,,,dimension,36,2,4
mclust,0.5636344648217898,5,EVE,0.15799762500682846,ok,,,dimension,36,2,4
autogmm_full,1.0,3,tied,0.13633583404589444,ok,,,dimension,37,2,4
mclust,1.0,3,EEE,0.2019537910236977,ok,,,dimension,37,2,4
autogmm_full,1.0,3,tied,0.1289115000399761,ok,,,dimension,38,2,4
mclust,1.0,3,EEE,0.15874595800414681,ok,,,dimension,38,2,4
autogmm_full,1.0,3,tied,0.14006920799147338,ok,,,dimension,39,2,4
mclust,0.7581399688191286,5,VEE,0.21501733298646286,ok,,,dimension,39,2,4
autogmm_full,0.988036532598244,3,tied,0.18280758295441046,ok,,,dimension,40,2,4
mclust,0.7474625029174922,5,VVE,0.27211541699944064,ok,,,dimension,40,2,4
autogmm_full,1.0,3,tied,0.11836024996591732,ok,,,dimension,41,2,4
mclust,1.0,3,EEE,0.2045561249833554,ok,,,dimension,41,2,4
autogmm_full,1.0,3,tied,0.15062520804349333,ok,,,dimension,42,2,4
mclust,1.0,3,EEE,0.19397049996769056,ok,,,dimension,42,2,4
autogmm_full,1.0,3,tied,0.1268115839920938,ok,,,dimension,43,2,4
mclust,1.0,3,EEE,0.16351458302233368,ok,,,dimension,43,2,4
autogmm_full,0.9880002434649399,3,tied,0.11755154200363904,ok,,,dimension,44,2,4
mclust,0.9880002434649399,3,EEE,0.1500950840418227,ok,,,dimension,44,2,4
autogmm_full,1.0,3,tied,0.19453637499827892,ok,,,dimension,45,2,4
mclust,1.0,3,EEE,0.19770991703262553,ok,,,dimension,45,2,4
autogmm_full,0.9303877999523196,3,tied,0.1393757499754429,ok,,,dimension,46,2,4
mclust,0.9303877999523196,3,VEE,0.21989275002852082,ok,,,dimension,46,2,4
autogmm_full,1.0,3,tied,0.10895762499421835,ok,,,dimension,47,2,4
mclust,1.0,3,EEE,0.1662360830232501,ok,,,dimension,47,2,4
autogmm_full,1.0,3,tied,0.10555874998681247,ok,,,dimension,48,2,4
mclust,1.0,3,EEE,0.2451976669835858,ok,,,dimension,48,2,4
autogmm_full,0.7571053241043,5,tied,0.2203075839788653,ok,,,dimension,49,2,4
mclust,0.7548626471860845,5,VVE,0.28893508401233703,ok,,,dimension,49,2,4
autogmm_full,0.8086432610267085,3,tied,0.19632158300373703,ok,,,dimension,0,3,6
mclust,0.0,1,XXX,0.08203387499088421,ok,,,dimension,0,3,6
autogmm_full,0.9880360967227001,3,tied,0.18079408298945054,ok,,,dimension,1,3,6
mclust,0.0,1,XXX,0.0707157080178149,ok,,,dimension,1,3,6
autogmm_full,0.9299372836585482,3,tied,0.16428316599922255,ok,,,dimension,2,3,6
mclust,0.0,1,XXX,0.06467937503475696,ok,,,dimension,2,3,6
autogmm_full,0.5543679989415295,2,full,0.16923379199579358,ok,,,dimension,3,3,6
mclust,0.0,1,XXX,0.07287616701796651,ok,,,dimension,3,3,6
autogmm_full,0.7991726505580875,4,tied,0.21096345799742267,ok,,,dimension,4,3,6
mclust,0.0,1,XXX,0.0865082909585908,ok,,,dimension,4,3,6
autogmm_full,0.37699417753089826,4,tied,0.13401883299229667,ok,,,dimension,5,3,6
mclust,0.0,1,XXX,0.07054666697513312,ok,,,dimension,5,3,6
autogmm_full,0.9939819401820035,3,tied,0.12304008303908631,ok,,,dimension,6,3,6
mclust,0.0,1,XXX,0.07727545796660706,ok,,,dimension,6,3,6
autogmm_full,1.0,3,tied,0.11563775001559407,ok,,,dimension,7,3,6
mclust,0.0,1,XXX,0.07002524996642023,ok,,,dimension,7,3,6
autogmm_full,1.0,3,tied,0.10932429099921137,ok,,,dimension,8,3,6
mclust,0.0,1,XXX,0.06424654100555927,ok,,,dimension,8,3,6
autogmm_full,1.0,3,tied,0.10937770799500868,ok,,,dimension,9,3,6
mclust,0.0,1,XXX,0.07785104098729789,ok,,,dimension,9,3,6
autogmm_full,1.0,3,tied,0.1171477499883622,ok,,,dimension,10,3,6
mclust,0.0,1,XXX,0.0725733750150539,ok,,,dimension,10,3,6
autogmm_full,0.9703616871746924,3,tied,0.16551612503826618,ok,,,dimension,11,3,6
mclust,0.0,1,XXX,0.08845033397665247,ok,,,dimension,11,3,6
autogmm_full,0.9702711459441313,3,tied,0.1517083749640733,ok,,,dimension,12,3,6
mclust,0.0,1,XXX,0.14284154202323407,ok,,,dimension,12,3,6
autogmm_full,1.0,3,tied,0.13169670797651634,ok,,,dimension,13,3,6
mclust,0.0,1,XXX,0.06562658294569701,ok,,,dimension,13,3,6
autogmm_full,1.0,3,tied,0.12252433301182464,ok,,,dimension,14,3,6
mclust,0.0,1,XXX,0.07087166601559147,ok,,,dimension,14,3,6
autogmm_full,0.9880360967227001,3,tied,0.11826095799915493,ok,,,dimension,15,3,6
mclust,0.0,1,XXX,0.07217170804506168,ok,,,dimension,15,3,6
autogmm_full,0.993999975999904,3,tied,0.14710300002479926,ok,,,dimension,16,3,6
mclust,0.0,1,XXX,0.07058220799081028,ok,,,dimension,16,3,6
autogmm_full,1.0,3,tied,0.13282837497536093,ok,,,dimension,17,3,6
mclust,0.0,1,XXX,0.06949070800328627,ok,,,dimension,17,3,6
autogmm_full,1.0,3,tied,0.14544412499526516,ok,,,dimension,18,3,6
mclust,0.0,1,XXX,0.06889179197605699,ok,,,dimension,18,3,6
autogmm_full,0.37435925796730785,4,tied,0.12250791600672528,ok,,,dimension,19,3,6
mclust,0.0,1,XXX,0.06465916696470231,ok,,,dimension,19,3,6
autogmm_full,1.0,3,tied,0.19748820801032707,ok,,,dimension,20,3,6
mclust,0.0,1,XXX,0.07241933298064396,ok,,,dimension,20,3,6
autogmm_full,1.0,3,tied,0.2046682919608429,ok,,,dimension,21,3,6
mclust,0.0,1,XXX,0.07630695804255083,ok,,,dimension,21,3,6
autogmm_full,0.36870760725378604,4,tied,0.18443408299935982,ok,,,dimension,22,3,6
mclust,0.0,1,XXX,0.07768379198387265,ok,,,dimension,22,3,6
autogmm_full,1.0,3,tied,0.1358630409813486,ok,,,dimension,23,3,6
mclust,0.0,1,XXX,0.06767783296527341,ok,,,dimension,23,3,6
autogmm_full,1.0,3,tied,0.11076475004665554,ok,,,dimension,24,3,6
mclust,0.0,1,XXX,0.07713708403753117,ok,,,dimension,24,3,6
autogmm_full,0.8558427014507043,3,tied,0.17953783401753753,ok,,,dimension,25,3,6
mclust,0.0,1,XXX,0.06685041700256988,ok,,,dimension,25,3,6
autogmm_full,1.0,3,tied,0.11455100000603124,ok,,,dimension,26,3,6
mclust,0.0,1,XXX,0.0670698750182055,ok,,,dimension,26,3,6
autogmm_full,0.9303861091444605,3,tied,0.14491641701897606,ok,,,dimension,27,3,6
mclust,0.0,1,XXX,0.07656766701256856,ok,,,dimension,27,3,6
autogmm_full,0.3732270186072444,4,tied,0.12510791601380333,ok,,,dimension,28,3,6
mclust,0.0,1,XXX,0.0671998750185594,ok,,,dimension,28,3,6
autogmm_full,1.0,3,tied,0.13819566601887345,ok,,,dimension,29,3,6
mclust,0.0,1,XXX,0.06943870801478624,ok,,,dimension,29,3,6
autogmm_full,0.9702725900485715,3,tied,0.18254949996480718,ok,,,dimension,30,3,6
mclust,0.0,1,XXX,0.07885616598650813,ok,,,dimension,30,3,6
autogmm_full,1.0,3,tied,0.10876225004903972,ok,,,dimension,31,3,6
mclust,0.0,1,XXX,0.06799474998842925,ok,,,dimension,31,3,6
autogmm_full,0.9940000488670718,3,tied,0.13667037500999868,ok,,,dimension,32,3,6
mclust,0.0,1,XXX,0.06792074994882569,ok,,,dimension,32,3,6
autogmm_full,0.9761468003968594,3,tied,0.1255751249846071,ok,,,dimension,33,3,6
mclust,0.0,1,XXX,0.07545183296315372,ok,,,dimension,33,3,6
autogmm_full,0.00305002071518733,3,tied,0.2179902089992538,ok,,,dimension,34,3,6
mclust,0.0,1,XXX,0.07363854098366573,ok,,,dimension,34,3,6
autogmm_full,0.9761450623098201,3,tied,0.13127608300419524,ok,,,dimension,35,3,6
mclust,0.0,1,XXX,0.06907216599211097,ok,,,dimension,35,3,6
autogmm_full,0.9585796566694488,3,tied,0.13239045802038163,ok,,,dimension,36,3,6
mclust,0.0,1,XXX,0.07092920801369473,ok,,,dimension,36,3,6
autogmm_full,1.0,3,tied,0.11654199997428805,ok,,,dimension,37,3,6
mclust,0.0,1,XXX,0.07238254201365635,ok,,,dimension,37,3,6
autogmm_full,1.0,3,tied,0.11651816597441211,ok,,,dimension,38,3,6
mclust,0.0,1,XXX,0.07348020898643881,ok,,,dimension,38,3,6
autogmm_full,1.0,3,tied,0.14199712499976158,ok,,,dimension,39,3,6
mclust,0.0,1,XXX,0.07660845801001415,ok,,,dimension,39,3,6
autogmm_full,0.988036532598244,3,tied,0.20591341698309407,ok,,,dimension,40,3,6
mclust,0.0,1,XXX,0.07232691603712738,ok,,,dimension,40,3,6
autogmm_full,1.0,3,tied,0.12541391694685444,ok,,,dimension,41,3,6
mclust,0.0,1,XXX,0.07257474999642,ok,,,dimension,41,3,6
autogmm_full,1.0,3,tied,0.15770766697824,ok,,,dimension,42,3,6
mclust,0.0,1,XXX,0.0714580420171842,ok,,,dimension,42,3,6
autogmm_full,1.0,3,tied,0.14138454099884257,ok,,,dimension,43,3,6
mclust,0.0,1,XXX,0.08767270803218707,ok,,,dimension,43,3,6
autogmm_full,0.9880002434649399,3,tied,0.11931512498995289,ok,,,dimension,44,3,6
mclust,0.0,1,XXX,0.17767941596684977,ok,,,dimension,44,3,6
autogmm_full,1.0,3,tied,0.12070354202296585,ok,,,dimension,45,3,6
mclust,0.0,1,XXX,0.12550558301154524,ok,,,dimension,45,3,6
autogmm_full,0.9303877999523196,3,tied,0.15398458298295736,ok,,,dimension,46,3,6
mclust,0.0,1,XXX,0.08265045896405354,ok,,,dimension,46,3,6
autogmm_full,1.0,3,tied,0.10902299999725074,ok,,,dimension,47,3,6
mclust,0.0,1,XXX,0.07622966700000688,ok,,,dimension,47,3,6
autogmm_full,1.0,3,tied,0.10549704195000231,ok,,,dimension,48,3,6
mclust,0.0,1,XXX,0.08535937499254942,ok,,,dimension,48,3,6
autogmm_full,0.7571053241043,5,tied,0.18970254104351625,ok,,,dimension,49,3,6
mclust,0.0,1,XXX,0.07451533299172297,ok,,,dimension,49,3,6
autogmm_full,0.8086432610267085,3,tied,0.2960312920040451,ok,,,dimension,0,4,8
mclust,0.0,1,XXX,0.1354806669987738,ok,,,dimension,0,4,8
autogmm_full,0.993999975999904,3,tied,0.2785408749477938,ok,,,dimension,1,4,8
mclust,0.0,1,XXX,0.09641433297656476,ok,,,dimension,1,4,8
autogmm_full,0.003938191218891943,2,tied,0.25409050000598654,ok,,,dimension,2,4,8
mclust,0.0,1,XXX,0.07862229098100215,ok,,,dimension,2,4,8
autogmm_full,0.00015267438240971356,3,tied,0.17747904203133658,ok,,,dimension,3,4,8
mclust,0.0,1,XXX,0.08101358299609274,ok,,,dimension,3,4,8
autogmm_full,-0.0011726793895127387,3,tied,0.31409016699763015,ok,,,dimension,4,4,8
mclust,0.0,1,XXX,0.08426658302778378,ok,,,dimension,4,4,8
autogmm_full,0.3179832694968017,5,tied,0.2156433340278454,ok,,,dimension,5,4,8
mclust,0.0,1,XXX,0.07752545899711549,ok,,,dimension,5,4,8
autogmm_full,0.9939819401820035,3,tied,0.3270664589945227,ok,,,dimension,6,4,8
mclust,0.0,1,XXX,0.09052370901918039,ok,,,dimension,6,4,8
autogmm_full,0.5818383661739626,5,tied,0.23957487498410046,ok,,,dimension,7,4,8
mclust,0.0,1,XXX,0.13383333303499967,ok,,,dimension,7,4,8
autogmm_full,1.0,3,tied,0.23665762500604615,ok,,,dimension,8,4,8
mclust,0.0,1,XXX,0.07701641600579023,ok,,,dimension,8,4,8
autogmm_full,0.5731014893420293,5,tied,0.16086595895467326,ok,,,dimension,9,4,8
mclust,0.0,1,XXX,0.08379366697045043,ok,,,dimension,9,4,8
autogmm_full,0.5809242435984191,5,tied,0.15185012499568984,ok,,,dimension,10,4,8
mclust,0.0,1,XXX,0.07783299998845905,ok,,,dimension,10,4,8
autogmm_full,0.9703616871746924,3,tied,0.2165414590272121,ok,,,dimension,11,4,8
mclust,0.0,1,XXX,0.08754312503151596,ok,,,dimension,11,4,8
autogmm_full,-0.0015341266184341845,3,tied,0.2260096669779159,ok,,,dimension,12,4,8
mclust,0.0,1,XXX,0.08436274999985471,ok,,,dimension,12,4,8
autogmm_full,-0.0028353366425513896,3,tied,0.12712395802373067,ok,,,dimension,13,4,8
mclust,0.0,1,XXX,0.06792116700671613,ok,,,dimension,13,4,8
autogmm_full,0.5593767298225357,5,tied,0.1262818329851143,ok,,,dimension,14,4,8
mclust,0.0,1,XXX,0.07425454194890335,ok,,,dimension,14,4,8
autogmm_full,0.565510571673392,5,tied,0.15758224995806813,ok,,,dimension,15,4,8
mclust,0.0,1,XXX,0.08135404100175947,ok,,,dimension,15,4,8
autogmm_full,0.03981067282246058,4,tied,0.14716691698413342,ok,,,dimension,16,4,8
mclust,0.0,1,XXX,0.0704192920238711,ok,,,dimension,16,4,8
autogmm_full,1.0,3,tied,0.16580308298580348,ok,,,dimension,17,4,8
mclust,0.0,1,XXX,0.07817262498429045,ok,,,dimension,17,4,8
autogmm_full,1.0,3,tied,0.1623912500217557,ok,,,dimension,18,4,8
mclust,0.0,1,XXX,0.07290841697249562,ok,,,dimension,18,4,8
autogmm_full,0.31806032586630345,5,tied,0.1274260409991257,ok,,,dimension,19,4,8
mclust,0.0,1,XXX,0.07139512500725687,ok,,,dimension,19,4,8
autogmm_full,1.0,3,tied,0.14105233299778774,ok,,,dimension,20,4,8
mclust,0.0,1,XXX,0.08123666601022705,ok,,,dimension,20,4,8
autogmm_full,0.15751752093011254,5,tied,0.11943133297609165,ok,,,dimension,21,4,8
mclust,0.0,1,XXX,0.07360804197378457,ok,,,dimension,21,4,8
autogmm_full,0.16115844187281883,5,tied,0.16328970901668072,ok,,,dimension,22,4,8
mclust,0.0,1,XXX,0.07965016702655703,ok,,,dimension,22,4,8
autogmm_full,0.5787985839733271,5,tied,0.12213412497658283,ok,,,dimension,23,4,8
mclust,0.0,1,XXX,0.06852029199944809,ok,,,dimension,23,4,8
autogmm_full,0.5855301223302005,5,full,0.10347200004616752,ok,,,dimension,24,4,8
mclust,0.0,1,XXX,0.07634612498804927,ok,,,dimension,24,4,8
autogmm_full,0.3181346630532649,5,tied,0.15378895797766745,ok,,,dimension,25,4,8
mclust,0.0,1,XXX,0.07804829103406519,ok,,,dimension,25,4,8
autogmm_full,0.570992036609531,5,tied,0.11349337501451373,ok,,,dimension,26,4,8
mclust,0.0,1,XXX,0.06940279202535748,ok,,,dimension,26,4,8
autogmm_full,0.3192619968336024,5,tied,0.13969483302207664,ok,,,dimension,27,4,8
mclust,0.0,1,XXX,0.08200787502573803,ok,,,dimension,27,4,8
autogmm_full,0.3421218641929089,5,tied,0.12863537500379607,ok,,,dimension,28,4,8
mclust,0.0,1,XXX,0.07166420802241191,ok,,,dimension,28,4,8
autogmm_full,1.0,3,tied,0.1411991249769926,ok,,,dimension,29,4,8
mclust,0.0,1,XXX,0.07948533300077543,ok,,,dimension,29,4,8
autogmm_full,-0.0014618371726498954,3,tied,0.16926658299053088,ok,,,dimension,30,4,8
mclust,0.0,1,XXX,0.07620783394668251,ok,,,dimension,30,4,8
autogmm_full,0.5804327324200356,5,full,0.11147962498944253,ok,,,dimension,31,4,8
mclust,0.0,1,XXX,0.06743245897814631,ok,,,dimension,31,4,8
autogmm_full,0.9940000488670718,3,tied,0.1403002500301227,ok,,,dimension,32,4,8
mclust,0.0,1,XXX,0.07419112499337643,ok,,,dimension,32,4,8
autogmm_full,0.7259762278582899,5,tied,0.13246950000757352,ok,,,dimension,33,4,8
mclust,0.0,1,XXX,0.07654233300127089,ok,,,dimension,33,4,8
autogmm_full,0.001085682038452998,4,tied,0.23594045802019536,ok,,,dimension,34,4,8
mclust,0.0,1,XXX,0.08311337500344962,ok,,,dimension,34,4,8
autogmm_full,0.00544180489974972,3,tied,0.12804566702106968,ok,,,dimension,35,4,8
mclust,0.0,1,XXX,0.08191562502179295,ok,,,dimension,35,4,8
autogmm_full,-0.0035098991241950847,3,tied,0.17786749999504536,ok,,,dimension,36,4,8
mclust,0.0,1,XXX,0.07323983404785395,ok,,,dimension,36,4,8
autogmm_full,0.5703435543792318,5,tied,0.12304712500190362,ok,,,dimension,37,4,8
mclust,0.0,1,XXX,0.07812216697493568,ok,,,dimension,37,4,8
autogmm_full,0.3182305339052935,5,tied,0.11331616598181427,ok,,,dimension,38,4,8
mclust,0.0,1,XXX,0.0721451670397073,ok,,,dimension,38,4,8
autogmm_full,0.000309254249065189,3,tied,0.11056070798076689,ok,,,dimension,39,4,8
mclust,0.0,1,XXX,0.07421712495852262,ok,,,dimension,39,4,8
autogmm_full,0.988036532598244,3,tied,0.17383454099763185,ok,,,dimension,40,4,8
mclust,0.0,1,XXX,0.09175604197662324,ok,,,dimension,40,4,8
autogmm_full,0.7527864471071043,5,tied,0.13779175002127886,ok,,,dimension,41,4,8
mclust,0.0,1,XXX,0.07562087499536574,ok,,,dimension,41,4,8
autogmm_full,0.5796536459536373,5,full,0.11911812500329688,ok,,,dimension,42,4,8
mclust,0.0,1,XXX,0.074206083023455,ok,,,dimension,42,4,8
autogmm_full,0.5709424376629713,5,tied,0.13072091701906174,ok,,,dimension,43,4,8
mclust,0.0,1,XXX,0.0686841249698773,ok,,,dimension,43,4,8
autogmm_full,0.9880002434649399,3,tied,0.1506330420379527,ok,,,dimension,44,4,8
mclust,0.0,1,XXX,0.07468854100443423,ok,,,dimension,44,4,8
autogmm_full,0.5833310019639456,5,full,0.14227762504015118,ok,,,dimension,45,4,8
mclust,0.0,1,XXX,0.07806083397008479,ok,,,dimension,45,4,8
autogmm_full,0.1643432006176209,5,tied,0.11412004102021456,ok,,,dimension,46,4,8
mclust,0.0,1,XXX,0.06860599998617545,ok,,,dimension,46,4,8
autogmm_full,1.0,3,tied,0.11774199997307733,ok,,,dimension,47,4,8
mclust,0.0,1,XXX,0.0802157919970341,ok,,,dimension,47,4,8
autogmm_full,0.5701644013506567,5,full,0.11266654200153425,ok,,,dimension,48,4,8
mclust,0.0,1,XXX,0.07454283401602879,ok,,,dimension,48,4,8
autogmm_full,0.005658673237102587,3,tied,0.14754554099636152,ok,,,dimension,49,4,8
mclust,0.0,1,XXX,0.12239695800235495,ok,,,dimension,49,4,8
autogmm_full,0.5233279229036782,2,tied,0.18979604198830202,ok,,,dimension,0,5,10
mclust,0.0,1,XXX,0.10894587496295571,ok,,,dimension,0,5,10
autogmm_full,0.9880360967227001,3,tied,0.1802798749995418,ok,,,dimension,1,5,10
mclust,0.0,1,XXX,0.08229370799381286,ok,,,dimension,1,5,10
autogmm_full,-0.00038949316876114425,3,tied,0.15249558398500085,ok,,,dimension,2,5,10
mclust,0.0,1,XXX,0.08148450002772734,ok,,,dimension,2,5,10
autogmm_full,0.00015267438240971356,3,tied,0.16092445800313726,ok,,,dimension,3,5,10
mclust,0.0,1,XXX,0.08262604102492332,ok,,,dimension,3,5,10
autogmm_full,-0.0011726793895127387,3,tied,0.21524004195816815,ok,,,dimension,4,5,10
mclust,0.0,1,XXX,0.09466066700406373,ok,,,dimension,4,5,10
autogmm_full,0.37173556624708814,4,tied,0.13567995803896338,ok,,,dimension,5,5,10
mclust,0.0,1,XXX,0.08663354197051376,ok,,,dimension,5,5,10
autogmm_full,0.5689118309970116,5,tied,0.13270658301189542,ok,,,dimension,6,5,10
mclust,0.0,1,XXX,0.08142437500646338,ok,,,dimension,6,5,10
autogmm_full,0.0025967650563325315,3,full,0.14620195800671354,ok,,,dimension,7,5,10
mclust,0.0,1,XXX,0.08298045897390693,ok,,,dimension,7,5,10
autogmm_full,0.0028755295744074543,3,tied,0.1553704579710029,ok,,,dimension,8,5,10
mclust,0.0,1,XXX,0.07804695802042261,ok,,,dimension,8,5,10
autogmm_full,0.5731014893420293,5,tied,0.13373254099860787,ok,,,dimension,9,5,10
mclust,0.0,1,XXX,0.07958720799069852,ok,,,dimension,9,5,10
autogmm_full,1.0,3,tied,0.17580799997085705,ok,,,dimension,10,5,10
mclust,0.0,1,XXX,0.09032520797336474,ok,,,dimension,10,5,10
autogmm_full,0.32136207028448255,5,tied,0.18755758297629654,ok,,,dimension,11,5,10
mclust,0.0,1,XXX,0.09209020901471376,ok,,,dimension,11,5,10
autogmm_full,-0.0015341266184341845,3,tied,0.20686304196715355,ok,,,dimension,12,5,10
mclust,0.0,1,XXX,0.09555762499803677,ok,,,dimension,12,5,10
autogmm_full,-0.0028353366425513896,3,tied,0.13364770903717726,ok,,,dimension,13,5,10
mclust,0.0,1,XXX,0.07661408401327208,ok,,,dimension,13,5,10
autogmm_full,0.3288871425759161,5,tied,0.11859991704113781,ok,,,dimension,14,5,10
mclust,0.0,1,XXX,0.08412512496579438,ok,,,dimension,14,5,10
autogmm_full,0.3280155575690438,5,tied,0.1803611249779351,ok,,,dimension,15,5,10
mclust,0.0,1,XXX,0.08886354102287441,ok,,,dimension,15,5,10
autogmm_full,-0.0024015999678456547,3,tied,0.14682354201795533,ok,,,dimension,16,5,10
mclust,0.0,1,XXX,0.08268179203150794,ok,,,dimension,16,5,10
autogmm_full,1.0,3,tied,0.14699829200981185,ok,,,dimension,17,5,10
mclust,0.0,1,XXX,0.08330437500262633,ok,,,dimension,17,5,10
autogmm_full,0.31592545835572083,5,tied,0.15007637499365956,ok,,,dimension,18,5,10
mclust,0.0,1,XXX,0.07933949999278411,ok,,,dimension,18,5,10
autogmm_full,0.31806032586630345,5,tied,0.15318424999713898,ok,,,dimension,19,5,10
mclust,0.0,1,XXX,0.09182879200670868,ok,,,dimension,19,5,10
autogmm_full,0.9940604355033557,4,tied,0.16120533394860104,ok,,,dimension,20,5,10
mclust,0.0,1,XXX,0.0829645000048913,ok,,,dimension,20,5,10
autogmm_full,-0.0035582311003942812,3,tied,0.1444008750258945,ok,,,dimension,21,5,10
mclust,0.0,1,XXX,0.08256779098883271,ok,,,dimension,21,5,10
autogmm_full,0.08047071342908951,4,tied,0.17821487499168143,ok,,,dimension,22,5,10
mclust,0.0,1,XXX,0.09175491699716076,ok,,,dimension,22,5,10
autogmm_full,0.5787985839733271,5,tied,0.13303187501151115,ok,,,dimension,23,5,10
mclust,0.0,1,XXX,0.07865716697415337,ok,,,dimension,23,5,10
autogmm_full,0.5855301223302005,5,tied,0.13419316697400063,ok,,,dimension,24,5,10
mclust,0.0,1,XXX,0.08718604198656976,ok,,,dimension,24,5,10
autogmm_full,0.000803275443814743,3,tied,0.15357666596537456,ok,,,dimension,25,5,10
mclust,0.0,1,XXX,0.0852204579859972,ok,,,dimension,25,5,10
autogmm_full,0.3717290431752688,4,tied,0.12598920898744836,ok,,,dimension,26,5,10
mclust,0.0,1,XXX,0.0807049999712035,ok,,,dimension,26,5,10
autogmm_full,-0.003666665269070715,3,tied,0.1414803749648854,ok,,,dimension,27,5,10
mclust,0.0,1,XXX,0.08379499998409301,ok,,,dimension,27,5,10
autogmm_full,0.003930224933997228,5,tied,0.12010391696821898,ok,,,dimension,28,5,10
mclust,0.0,1,XXX,0.08029220800381154,ok,,,dimension,28,5,10
autogmm_full,0.0008875698153395023,3,tied,0.1270987499738112,ok,,,dimension,29,5,10
mclust,0.0,1,XXX,0.08133641700260341,ok,,,dimension,29,5,10
autogmm_full,-0.0014618371726498954,3,tied,0.20460112497676164,ok,,,dimension,30,5,10
mclust,0.0,1,XXX,0.09280370798660442,ok,,,dimension,30,5,10
autogmm_full,1.0,3,tied,0.18319666699972004,ok,,,dimension,31,5,10
mclust,0.0,1,XXX,0.07716883398825303,ok,,,dimension,31,5,10
autogmm_full,-0.0017148502328949075,3,tied,0.1331059579970315,ok,,,dimension,32,5,10
mclust,0.0,1,XXX,0.08940075000282377,ok,,,dimension,32,5,10
autogmm_full,0.5788896565386464,5,tied,0.147817374963779,ok,,,dimension,33,5,10
mclust,0.0,1,XXX,0.09489545901305974,ok,,,dimension,33,5,10
autogmm_full,0.0011165692192675635,3,tied,0.2766970419907011,ok,,,dimension,34,5,10
mclust,0.0,1,XXX,0.09783975000027567,ok,,,dimension,34,5,10
autogmm_full,0.00544180489974972,3,tied,0.15454733301885426,ok,,,dimension,35,5,10
mclust,0.0,1,XXX,0.07894249999662861,ok,,,dimension,35,5,10
autogmm_full,-0.0011365346666205943,3,tied,0.22667800000635907,ok,,,dimension,36,5,10
mclust,0.0,1,XXX,0.09373608400346711,ok,,,dimension,36,5,10
autogmm_full,0.3745361784834552,4,tied,0.12387595803011209,ok,,,dimension,37,5,10
mclust,0.0,1,XXX,0.07750008295988664,ok,,,dimension,37,5,10
autogmm_full,0.00661746365500219,5,tied,0.1675123749882914,ok,,,dimension,38,5,10
mclust,0.0,1,XXX,0.08369350002612919,ok,,,dimension,38,5,10
autogmm_full,0.08078405939225157,5,tied,0.18017495796084404,ok,,,dimension,39,5,10
mclust,0.0,1,XXX,0.07739254197804257,ok,,,dimension,39,5,10
autogmm_full,0.11991706636959414,5,tied,0.17949770897394046,ok,,,dimension,40,5,10
mclust,0.0,1,XXX,0.08950862498022616,ok,,,dimension,40,5,10
autogmm_full,0.563958776132885,5,tied,0.1297881249920465,ok,,,dimension,41,5,10
mclust,0.0,1,XXX,0.08017433399800211,ok,,,dimension,41,5,10
autogmm_full,0.5700634533630919,5,tied,0.1345693749608472,ok,,,dimension,42,5,10
mclust,0.0,1,XXX,0.08387795800808817,ok,,,dimension,42,5,10
autogmm_full,0.5709424376629713,5,tied,0.15985558304237202,ok,,,dimension,43,5,10
mclust,0.0,1,XXX,0.07688775000860915,ok,,,dimension,43,5,10
autogmm_full,0.5541270687236579,5,tied,0.156771625042893,ok,,,dimension,44,5,10
mclust,0.0,1,XXX,0.08902558399131522,ok,,,dimension,44,5,10
autogmm_full,1.0,3,tied,0.13665254198713228,ok,,,dimension,45,5,10
mclust,0.0,1,XXX,0.08438750001369044,ok,,,dimension,45,5,10
autogmm_full,-0.00034135076299341343,3,tied,0.1371100830147043,ok,,,dimension,46,5,10
mclust,0.0,1,XXX,0.08399379201000556,ok,,,dimension,46,5,10
autogmm_full,0.5725024231650264,5,tied,0.11153133300831541,ok,,,dimension,47,5,10
mclust,0.0,1,XXX,0.07437941699754447,ok,,,dimension,47,5,10
autogmm_full,0.332983061001083,5,full,0.13772862497717142,ok,,,dimension,48,5,10
mclust,0.0,1,XXX,0.08332095900550485,ok,,,dimension,48,5,10
autogmm_full,0.005658673237102587,3,tied,0.16522700001951307,ok,,,dimension,49,5,10
mclust,0.0,1,XXX,0.08243966702139005,ok,,,dimension,49,5,10
autogmm_full,0.5233279229036782,2,tied,0.19532304198946804,ok,,,dimension,0,6,12
mclust,0.0,1,XXX,0.1483898749575019,ok,,,dimension,0,6,12
autogmm_full,0.9880360967227001,3,tied,0.21673508401727304,ok,,,dimension,1,6,12
mclust,0.0,1,XXX,0.09424987499369308,ok,,,dimension,1,6,12
autogmm_full,0.1076345691071865,5,tied,0.18398591701406986,ok,,,dimension,2,6,12
mclust,0.0,1,XXX,0.0903703750227578,ok,,,dimension,2,6,12
autogmm_full,0.00015267438240971356,3,tied,0.18226625001989305,ok,,,dimension,3,6,12
mclust,0.0,1,XXX,0.10273470799438655,ok,,,dimension,3,6,12
autogmm_full,-0.0011726793895127387,3,tied,0.2555655419710092,ok,,,dimension,4,6,12
mclust,0.0,1,XXX,0.09499516698997468,ok,,,dimension,4,6,12
autogmm_full,0.37173556624708814,4,tied,0.15372941695386544,ok,,,dimension,5,6,12
mclust,0.0,1,XXX,0.09313066699542105,ok,,,dimension,5,6,12
autogmm_full,0.3748289332902038,4,tied,0.15012645802926272,ok,,,dimension,6,6,12
mclust,0.0,1,XXX,0.08744091598782688,ok,,,dimension,6,6,12
autogmm_full,0.0009340333229797989,5,tied,0.13996224995935336,ok,,,dimension,7,6,12
mclust,0.0,1,XXX,0.08991516596870497,ok,,,dimension,7,6,12
autogmm_full,0.0028755295744074543,3,tied,0.20027212501736358,ok,,,dimension,8,6,12
mclust,0.0,1,XXX,0.09248412499437109,ok,,,dimension,8,6,12
autogmm_full,0.5731014893420293,5,tied,0.17015479202382267,ok,,,dimension,9,6,12
mclust,0.0,1,XXX,0.09921687497990206,ok,,,dimension,9,6,12
autogmm_full,1.0,3,tied,0.16102045797742903,ok,,,dimension,10,6,12
mclust,0.0,1,XXX,0.0946090419893153,ok,,,dimension,10,6,12
autogmm_full,-0.003269966020454888,4,tied,0.19348483299836516,ok,,,dimension,11,6,12
mclust,0.0,1,XXX,0.100764624949079,ok,,,dimension,11,6,12
autogmm_full,1.7436208670786624e-05,5,tied,0.16993862501112744,ok,,,dimension,12,6,12
mclust,0.0,1,XXX,0.09220670803915709,ok,,,dimension,12,6,12
autogmm_full,0.3766738111120337,4,tied,0.14954329101601616,ok,,,dimension,13,6,12
mclust,0.0,1,XXX,0.085720292001497,ok,,,dimension,13,6,12
autogmm_full,0.0009720487052588201,5,tied,0.14184529095655307,ok,,,dimension,14,6,12
mclust,0.0,1,XXX,0.08469187503214926,ok,,,dimension,14,6,12
autogmm_full,0.0026586612370545866,3,tied,0.16777770896442235,ok,,,dimension,15,6,12
mclust,0.0,1,XXX,0.090857999981381,ok,,,dimension,15,6,12
autogmm_full,-0.0024015999678456547,3,tied,0.15787812502821907,ok,,,dimension,16,6,12
mclust,0.0,1,XXX,0.0955087500042282,ok,,,dimension,16,6,12
autogmm_full,0.8917032962504842,4,tied,0.1504790410399437,ok,,,dimension,17,6,12
mclust,0.0,1,XXX,0.08925766701577231,ok,,,dimension,17,6,12
autogmm_full,0.3719899823794536,4,tied,0.175335333973635,ok,,,dimension,18,6,12
mclust,0.0,1,XXX,0.08947820897446945,ok,,,dimension,18,6,12
autogmm_full,0.3733769251014033,4,tied,0.14875475002918392,ok,,,dimension,19,6,12
mclust,0.0,1,XXX,0.09242345800157636,ok,,,dimension,19,6,12
autogmm_full,0.9911362957126063,4,tied,0.18159529101103544,ok,,,dimension,20,6,12
mclust,0.0,1,XXX,0.09836083400296047,ok,,,dimension,20,6,12
autogmm_full,0.5712279731340302,5,tied,0.16727995802648365,ok,,,dimension,21,6,12
mclust,0.0,1,XXX,0.08993283403106034,ok,,,dimension,21,6,12
autogmm_full,0.32826365918350203,5,tied,0.18233329203212634,ok,,,dimension,22,6,12
mclust,0.0,1,XXX,0.09591695899143815,ok,,,dimension,22,6,12
autogmm_full,0.37757697944733165,5,tied,0.15494941698852926,ok,,,dimension,23,6,12
mclust,0.0,1,XXX,0.08262525004101917,ok,,,dimension,23,6,12
autogmm_full,0.006887593815435503,3,tied,0.16256508301012218,ok,,,dimension,24,6,12
mclust,0.0,1,XXX,0.09506199997849762,ok,,,dimension,24,6,12
autogmm_full,0.0013574512129373819,3,tied,0.21181616699323058,ok,,,dimension,25,6,12
mclust,0.0,1,XXX,0.09463437501108274,ok,,,dimension,25,6,12
autogmm_full,0.3717290431752688,4,tied,0.16976183297811076,ok,,,dimension,26,6,12
mclust,0.0,1,XXX,0.08261408400721848,ok,,,dimension,26,6,12
autogmm_full,-0.003666665269070715,3,tied,0.15731575002428144,ok,,,dimension,27,6,12
mclust,0.0,1,XXX,0.08825783297652379,ok,,,dimension,27,6,12
autogmm_full,0.006928093144150376,4,tied,0.15446008299477398,ok,,,dimension,28,6,12
mclust,0.0,1,XXX,0.08947512501617894,ok,,,dimension,28,6,12
autogmm_full,0.0008875698153395023,3,tied,0.1936180829652585,ok,,,dimension,29,6,12
mclust,0.0,1,XXX,0.08736649999627843,ok,,,dimension,29,6,12
autogmm_full,0.0013733209099466533,5,tied,0.20659700001124293,ok,,,dimension,30,6,12
mclust,0.0,1,XXX,0.09370229201158509,ok,,,dimension,30,6,12
autogmm_full,1.0,3,tied,0.17741704202489927,ok,,,dimension,31,6,12
mclust,0.0,1,XXX,0.09114745794795454,ok,,,dimension,31,6,12
autogmm_full,-0.0013974174500250558,5,tied,0.14330974995391443,ok,,,dimension,32,6,12
mclust,0.0,1,XXX,0.09414800000377,ok,,,dimension,32,6,12
autogmm_full,0.5788896565386464,5,tied,0.15713795798365027,ok,,,dimension,33,6,12
mclust,0.0,1,XXX,0.09095329098636284,ok,,,dimension,33,6,12
autogmm_full,-0.0043596394571324935,5,tied,0.3462692080065608,ok,,,dimension,34,6,12
mclust,0.0,1,XXX,0.10584804101381451,ok,,,dimension,34,6,12
autogmm_full,0.337755780003483,5,tied,0.19551116600632668,ok,,,dimension,35,6,12
mclust,0.0,1,XXX,0.09074704104568809,ok,,,dimension,35,6,12
autogmm_full,0.11260701757082012,5,tied,0.20266283303499222,ok,,,dimension,36,6,12
mclust,0.0,1,XXX,0.0932055419543758,ok,,,dimension,36,6,12
autogmm_full,0.3745361784834552,4,tied,0.15718008298426867,ok,,,dimension,37,6,12
mclust,0.0,1,XXX,0.08946637500775978,ok,,,dimension,37,6,12
autogmm_full,0.00661746365500219,5,tied,0.15765816601924598,ok,,,dimension,38,6,12
mclust,0.0,1,XXX,0.08885966701200232,ok,,,dimension,38,6,12
autogmm_full,0.000309254249065189,3,tied,0.1471538750338368,ok,,,dimension,39,6,12
mclust,0.0,1,XXX,0.09217012498993427,ok,,,dimension,39,6,12
autogmm_full,0.0020301213490708132,4,tied,0.14945716701913625,ok,,,dimension,40,6,12
mclust,0.0,1,XXX,0.08902216597925872,ok,,,dimension,40,6,12
autogmm_full,0.563958776132885,5,tied,0.14408558304421604,ok,,,dimension,41,6,12
mclust,0.0,1,XXX,0.09263849997660145,ok,,,dimension,41,6,12
autogmm_full,0.3816388204442527,4,tied,0.13776262500323355,ok,,,dimension,42,6,12
mclust,0.0,1,XXX,0.08368141698883846,ok,,,dimension,42,6,12
autogmm_full,0.37530967475881283,4,tied,0.16551562497625127,ok,,,dimension,43,6,12
mclust,0.0,1,XXX,0.09404050000011921,ok,,,dimension,43,6,12
autogmm_full,5.624118882017697e-05,3,tied,0.15503758302656934,ok,,,dimension,44,6,12
mclust,0.0,1,XXX,0.10205420898273587,ok,,,dimension,44,6,12
autogmm_full,1.0,3,tied,0.17671162501210347,ok,,,dimension,45,6,12
mclust,0.0,1,XXX,0.09463816601783037,ok,,,dimension,45,6,12
autogmm_full,-0.00034135076299341343,3,tied,0.1806801250204444,ok,,,dimension,46,6,12
mclust,0.0,1,XXX,0.08518116699997336,ok,,,dimension,46,6,12
autogmm_full,0.5725024231650264,5,tied,0.14429379196371883,ok,,,dimension,47,6,12
mclust,0.0,1,XXX,0.08420516701880842,ok,,,dimension,47,6,12
autogmm_full,-0.0037028099919628596,3,tied,0.16076337499544024,ok,,,dimension,48,6,12
mclust,0.0,1,XXX,0.08295945799909532,ok,,,dimension,48,6,12
autogmm_full,0.0008085905217646545,5,tied,0.16823100001784042,ok,,,dimension,49,6,12
mclust,0.0,1,XXX,0.09368125000037253,ok,,,dimension,49,6,12
autogmm_full,0.5233279229036782,2,tied,0.20290479197865352,ok,,,dimension,0,7,14
mclust,0.0,1,XXX,0.1486484999768436,ok,,,dimension,0,7,14
autogmm_full,0.993999975999904,3,tied,0.22013795899692923,ok,,,dimension,1,7,14
mclust,0.0,1,XXX,0.0962401669821702,ok,,,dimension,1,7,14
autogmm_full,0.0009113383286540512,4,tied,0.17632237501675263,ok,,,dimension,2,7,14
mclust,0.0,1,XXX,0.10095591697609052,ok,,,dimension,2,7,14
autogmm_full,0.0014741835941701903,5,tied,0.21148491598432884,ok,,,dimension,3,7,14
mclust,0.0,1,XXX,0.1026762499823235,ok,,,dimension,3,7,14
autogmm_full,-0.0014014889637437764,4,tied,0.26174512499710545,ok,,,dimension,4,7,14
mclust,0.0,1,XXX,0.12617162498645484,ok,,,dimension,4,7,14
autogmm_full,0.37173556624708814,4,tied,0.17002133402274922,ok,,,dimension,5,7,14
mclust,0.0,1,XXX,0.09241358301369473,ok,,,dimension,5,7,14
autogmm_full,0.3748289332902038,4,tied,0.15187262499239296,ok,,,dimension,6,7,14
mclust,0.0,1,XXX,0.10481016599806026,ok,,,dimension,6,7,14
autogmm_full,0.0019357667792116952,3,tied,0.18030795804224908,ok,,,dimension,7,7,14
mclust,0.0,1,XXX,0.09887937502935529,ok,,,dimension,7,7,14
autogmm_full,0.0028755295744074543,3,tied,0.20977929199580103,ok,,,dimension,8,7,14
mclust,0.0,1,XXX,0.10676341695943847,ok,,,dimension,8,7,14
autogmm_full,-0.0018955738473556303,3,tied,0.1985084170009941,ok,,,dimension,9,7,14
mclust,0.0,1,XXX,0.10210099996766075,ok,,,dimension,9,7,14
autogmm_full,0.5743789885999049,5,tied,0.20824766700388864,ok,,,dimension,10,7,14
mclust,0.0,1,XXX,0.11220579198561609,ok,,,dimension,10,7,14
autogmm_full,0.0003509317895922527,5,tied,0.18434704199898988,ok,,,dimension,11,7,14
mclust,0.0,1,XXX,0.10746929200831801,ok,,,dimension,11,7,14
autogmm_full,1.7436208670786624e-05,5,tied,0.1722425000043586,ok,,,dimension,12,7,14
mclust,0.0,1,XXX,0.11529545800294727,ok,,,dimension,12,7,14
autogmm_full,0.3766738111120337,4,tied,0.14955066598486155,ok,,,dimension,13,7,14
mclust,0.0,1,XXX,0.10159087495412678,ok,,,dimension,13,7,14
autogmm_full,0.00027310952617304443,3,tied,0.15013024996733293,ok,,,dimension,14,7,14
mclust,0.0,1,XXX,0.09314570802962407,ok,,,dimension,14,7,14
autogmm_full,0.32771529684241374,5,tied,0.22956254100427032,ok,,,dimension,15,7,14
mclust,0.0,1,XXX,0.10365691699553281,ok,,,dimension,15,7,14
autogmm_full,-0.0024015999678456547,3,tied,0.16770329198334366,ok,,,dimension,16,7,14
mclust,0.0,1,XXX,0.11529416701523587,ok,,,dimension,16,7,14
autogmm_full,0.9159693847591284,4,tied,0.2115918750059791,ok,,,dimension,17,7,14
mclust,0.0,1,XXX,0.09857554198242724,ok,,,dimension,17,7,14
autogmm_full,0.3719899823794536,4,tied,0.18223237502388656,ok,,,dimension,18,7,14
mclust,0.0,1,XXX,0.10008866700809449,ok,,,dimension,18,7,14
autogmm_full,-0.0022570210762770763,3,tied,0.16973433399107307,ok,,,dimension,19,7,14
mclust,0.0,1,XXX,0.10501466697314754,ok,,,dimension,19,7,14
autogmm_full,0.0009237145382316469,3,tied,0.22807458299212158,ok,,,dimension,20,7,14
mclust,0.0,1,XXX,0.10932866699295118,ok,,,dimension,20,7,14
autogmm_full,0.33337927208592755,5,tied,0.15819379198364913,ok,,,dimension,21,7,14
mclust,0.0,1,XXX,0.10022454196587205,ok,,,dimension,21,7,14
autogmm_full,-0.0001363345832838765,3,tied,0.24586595903383568,ok,,,dimension,22,7,14
mclust,0.0,1,XXX,0.12126400001579896,ok,,,dimension,22,7,14
autogmm_full,0.5651091761268711,5,tied,0.19597733300179243,ok,,,dimension,23,7,14
mclust,0.0,1,XXX,0.08816066704457626,ok,,,dimension,23,7,14
autogmm_full,0.17038129165504012,5,tied,0.19803566701011732,ok,,,dimension,24,7,14
mclust,0.0,1,XXX,0.10084741696482524,ok,,,dimension,24,7,14
autogmm_full,-0.002053676064034716,4,tied,0.2010939170140773,ok,,,dimension,25,7,14
mclust,0.0,1,XXX,0.10279325000010431,ok,,,dimension,25,7,14
autogmm_full,0.3717290431752688,4,tied,0.18701841699657962,ok,,,dimension,26,7,14
mclust,0.0,1,XXX,0.09838066704105586,ok,,,dimension,26,7,14
autogmm_full,-0.0034533649250916443,4,tied,0.1729578750091605,ok,,,dimension,27,7,14
mclust,0.0,1,XXX,0.10125983296893537,ok,,,dimension,27,7,14
autogmm_full,0.0029966304611157286,5,tied,0.17703287495533004,ok,,,dimension,28,7,14
mclust,0.0,1,XXX,0.09958687500329688,ok,,,dimension,28,7,14
autogmm_full,0.0008875698153395023,3,tied,0.2342280829907395,ok,,,dimension,29,7,14
mclust,0.0,1,XXX,0.09630912501597777,ok,,,dimension,29,7,14
autogmm_full,0.007495302680346315,4,tied,0.19103970902506262,ok,,,dimension,30,7,14
mclust,0.0,1,XXX,0.1076849169912748,ok,,,dimension,30,7,14
autogmm_full,1.0,3,tied,0.17969241697574034,ok,,,dimension,31,7,14
mclust,0.0,1,XXX,0.09525841701542959,ok,,,dimension,31,7,14
autogmm_full,0.0003453989719573336,3,tied,0.1940478750038892,ok,,,dimension,32,7,14
mclust,0.0,1,XXX,0.10614379198523238,ok,,,dimension,32,7,14
autogmm_full,0.5788896565386464,5,tied,0.2028168750111945,ok,,,dimension,33,7,14
mclust,0.0,1,XXX,0.10151979100191966,ok,,,dimension,33,7,14
autogmm_full,0.0007071095959152746,3,tied,0.35306695802137256,ok,,,dimension,34,7,14
mclust,0.0,1,XXX,0.11001970898360014,ok,,,dimension,34,7,14
autogmm_full,0.10281179582639365,5,tied,0.23622737498953938,ok,,,dimension,35,7,14
mclust,0.0,1,XXX,0.10284820903325453,ok,,,dimension,35,7,14
autogmm_full,-0.0033775074859335582,3,tied,0.21103370800847188,ok,,,dimension,36,7,14
mclust,0.0,1,XXX,0.10282145801465958,ok,,,dimension,36,7,14
autogmm_full,0.3745361784834552,4,tied,0.18284904200118035,ok,,,dimension,37,7,14
mclust,0.0,1,XXX,0.10655983397737145,ok,,,dimension,37,7,14
autogmm_full,0.006830417931832611,5,tied,0.17145158298080787,ok,,,dimension,38,7,14
mclust,0.0,1,XXX,0.10084816598100588,ok,,,dimension,38,7,14
autogmm_full,0.000309254249065189,3,tied,0.1478396249585785,ok,,,dimension,39,7,14
mclust,0.0,1,XXX,0.10321449994808063,ok,,,dimension,39,7,14
autogmm_full,0.0017255374009323807,5,tied,0.16223183297552168,ok,,,dimension,40,7,14
mclust,0.0,1,XXX,0.09862687496934086,ok,,,dimension,40,7,14
autogmm_full,0.563958776132885,5,tied,0.18102991598425433,ok,,,dimension,41,7,14
mclust,0.0,1,XXX,0.10964437504298985,ok,,,dimension,41,7,14
autogmm_full,0.3816388204442527,4,tied,0.16476608399534598,ok,,,dimension,42,7,14
mclust,0.0,1,XXX,0.1026731250458397,ok,,,dimension,42,7,14
autogmm_full,0.37530967475881283,4,tied,0.20174920902354643,ok,,,dimension,43,7,14
mclust,0.0,1,XXX,0.10329699999419972,ok,,,dimension,43,7,14
autogmm_full,5.624118882017697e-05,3,tied,0.21505541703663766,ok,,,dimension,44,7,14
mclust,0.0,1,XXX,0.10808204201748595,ok,,,dimension,44,7,14
autogmm_full,1.0,3,tied,0.20525200001429766,ok,,,dimension,45,7,14
mclust,0.0,1,XXX,0.10484404099406675,ok,,,dimension,45,7,14
autogmm_full,-0.00079114742477614,5,tied,0.22270325000863522,ok,,,dimension,46,7,14
mclust,0.0,1,XXX,0.0998208750388585,ok,,,dimension,46,7,14
autogmm_full,0.07792502317884831,4,tied,0.16422120801871642,ok,,,dimension,47,7,14
mclust,0.0,1,XXX,0.09084545797668397,ok,,,dimension,47,7,14
autogmm_full,0.5656192840188834,5,tied,0.20145250001223758,ok,,,dimension,48,7,14
mclust,0.0,1,XXX,0.09667954198084772,ok,,,dimension,48,7,14
autogmm_full,0.006509952535504568,4,tied,0.18475745798787102,ok,,,dimension,49,7,14
mclust,0.0,1,XXX,0.09717912500491366,ok,,,dimension,49,7,14
autogmm_full,0.5233279229036782,2,tied,0.20496954198461026,ok,,,dimension,0,8,16
mclust,0.0,1,XXX,0.13680591701995581,ok,,,dimension,0,8,16
autogmm_full,-0.0023729479801854274,4,tied,0.1807998750009574,ok,,,dimension,1,8,16
mclust,0.0,1,XXX,0.1042227090219967,ok,,,dimension,1,8,16
autogmm_full,0.0016692065321775283,5,tied,0.2188275409862399,ok,,,dimension,2,8,16
mclust,0.0,1,XXX,0.11575504200300202,ok,,,dimension,2,8,16
autogmm_full,0.002732620257136389,5,tied,0.20680124999489635,ok,,,dimension,3,8,16
mclust,0.0,1,XXX,0.1022252919501625,ok,,,dimension,3,8,16
autogmm_full,-0.002184731630492787,3,tied,0.2681654170155525,ok,,,dimension,4,8,16
mclust,0.0,1,XXX,0.13269845896866173,ok,,,dimension,4,8,16
autogmm_full,0.37173556624708814,4,tied,0.20239220798248425,ok,,,dimension,5,8,16
mclust,0.0,1,XXX,0.10417170799337327,ok,,,dimension,5,8,16
autogmm_full,0.32484689356646135,5,tied,0.17695362499216571,ok,,,dimension,6,8,16
mclust,0.0,1,XXX,0.11690100003033876,ok,,,dimension,6,8,16
autogmm_full,-0.000354599419564982,4,tied,0.18823704100213945,ok,,,dimension,7,8,16
mclust,0.0,1,XXX,0.11100354202790186,ok,,,dimension,7,8,16
autogmm_full,-0.0014699253794379383,4,tied,0.21824508300051093,ok,,,dimension,8,8,16
mclust,0.0,1,XXX,0.11917954101227224,ok,,,dimension,8,8,16
autogmm_full,-0.0025637358352879227,4,tied,0.20934516697889194,ok,,,dimension,9,8,16
mclust,0.0,1,XXX,0.11917458398966119,ok,,,dimension,9,8,16
autogmm_full,0.5743789885999049,5,tied,0.24540912499651313,ok,,,dimension,10,8,16
mclust,0.0,1,XXX,0.12226808303967118,ok,,,dimension,10,8,16
autogmm_full,0.0003509317895922527,5,tied,0.19422770803794265,ok,,,dimension,11,8,16
mclust,0.0,1,XXX,0.12288041703868657,ok,,,dimension,11,8,16
autogmm_full,1.7436208670786624e-05,5,tied,0.22165924997534603,ok,,,dimension,12,8,16
mclust,0.0,1,XXX,0.12005387496901676,ok,,,dimension,12,8,16
autogmm_full,0.3766738111120337,4,tied,0.2017459999769926,ok,,,dimension,13,8,16
mclust,0.0,1,XXX,0.11123137501999736,ok,,,dimension,13,8,16
autogmm_full,0.3759601957749987,4,tied,0.17330108297755942,ok,,,dimension,14,8,16
mclust,0.0,1,XXX,0.10779158299556002,ok,,,dimension,14,8,16
autogmm_full,0.0026586612370545866,3,tied,0.22099370800424367,ok,,,dimension,15,8,16
mclust,0.0,1,XXX,0.10918650001985952,ok,,,dimension,15,8,16
autogmm_full,-0.001341501751480381,5,tied,0.212744707998354,ok,,,dimension,16,8,16
mclust,0.0,1,XXX,0.12455991597380489,ok,,,dimension,16,8,16
autogmm_full,1.0,3,tied,0.22042558301473036,ok,,,dimension,17,8,16
mclust,0.0,1,XXX,0.10308341699419543,ok,,,dimension,17,8,16
autogmm_full,0.0010431776414582183,5,tied,0.2192369579570368,ok,,,dimension,18,8,16
mclust,0.0,1,XXX,0.11532333301147446,ok,,,dimension,18,8,16
autogmm_full,0.3742974008562928,4,tied,0.1670725000440143,ok,,,dimension,19,8,16
mclust,0.0,1,XXX,0.10658570798113942,ok,,,dimension,19,8,16
autogmm_full,0.0009237145382316469,3,tied,0.2809334580088034,ok,,,dimension,20,8,16
mclust,0.0,1,XXX,0.11771583301015198,ok,,,dimension,20,8,16
autogmm_full,0.3811438728636361,4,tied,0.1884260840015486,ok,,,dimension,21,8,16
mclust,0.0,1,XXX,0.11121233302401379,ok,,,dimension,21,8,16
autogmm_full,-0.0001363345832838765,3,tied,0.26224966696463525,ok,,,dimension,22,8,16
mclust,0.0,1,XXX,0.11938237497815862,ok,,,dimension,22,8,16
autogmm_full,0.3123371035269231,5,tied,0.20374850003281608,ok,,,dimension,23,8,16
mclust,0.0,1,XXX,0.1075364169664681,ok,,,dimension,23,8,16
autogmm_full,0.3756903919547184,4,tied,0.20322591700823978,ok,,,dimension,24,8,16
mclust,0.0,1,XXX,0.12678941700141877,ok,,,dimension,24,8,16
autogmm_full,-0.002053676064034716,4,tied,0.18930575001286343,ok,,,dimension,25,8,16
mclust,0.0,1,XXX,0.10878812498413026,ok,,,dimension,25,8,16
autogmm_full,0.3717290431752688,4,tied,0.18398183397948742,ok,,,dimension,26,8,16
mclust,0.0,1,XXX,0.10789500002283603,ok,,,dimension,26,8,16
autogmm_full,-0.003666665269070715,3,tied,0.15855283301789314,ok,,,dimension,27,8,16
mclust,0.0,1,XXX,0.12256054201861843,ok,,,dimension,27,8,16
autogmm_full,0.006736583640326333,5,tied,0.17552274995250627,ok,,,dimension,28,8,16
mclust,0.0,1,XXX,0.10196016699774191,ok,,,dimension,28,8,16
autogmm_full,0.004134197622707187,4,tied,0.25998641696060076,ok,,,dimension,29,8,16
mclust,0.0,1,XXX,0.11229087499668822,ok,,,dimension,29,8,16
autogmm_full,0.006617356591640533,5,tied,0.20684825000353158,ok,,,dimension,30,8,16
mclust,0.0,1,XXX,0.12057654198724777,ok,,,dimension,30,8,16
autogmm_full,0.863139217358968,5,tied,0.20309500000439584,ok,,,dimension,31,8,16
mclust,0.0,1,XXX,0.11111845797859132,ok,,,dimension,31,8,16
autogmm_full,0.0003453989719573336,3,tied,0.21670645900303498,ok,,,dimension,32,8,16
mclust,0.0,1,XXX,0.10783658298896626,ok,,,dimension,32,8,16
autogmm_full,0.5788896565386464,5,tied,0.2327876670169644,ok,,,dimension,33,8,16
mclust,0.0,1,XXX,0.1135134999640286,ok,,,dimension,33,8,16
autogmm_full,-0.0022931657991692206,3,tied,0.30327179201412946,ok,,,dimension,34,8,16
mclust,0.0,1,XXX,0.12972158304182813,ok,,,dimension,34,8,16
autogmm_full,0.08358809594670329,5,tied,0.2189229169744067,ok,,,dimension,35,8,16
mclust,0.0,1,XXX,0.11200475000077859,ok,,,dimension,35,8,16
autogmm_full,-0.0023647686246757913,4,tied,0.20618454198120162,ok,,,dimension,36,8,16
mclust,0.0,1,XXX,0.1094218340003863,ok,,,dimension,36,8,16
autogmm_full,0.3745361784834552,4,tied,0.20512670796597376,ok,,,dimension,37,8,16
mclust,0.0,1,XXX,0.1107187500456348,ok,,,dimension,37,8,16
autogmm_full,0.006830417931832611,5,tied,0.21588479197816923,ok,,,dimension,38,8,16
mclust,0.0,1,XXX,0.105925792013295,ok,,,dimension,38,8,16
autogmm_full,0.000309254249065189,3,tied,0.2316841660067439,ok,,,dimension,39,8,16
mclust,0.0,1,XXX,0.10847958299564198,ok,,,dimension,39,8,16
autogmm_full,7.093107431379347e-05,4,tied,0.2023306670016609,ok,,,dimension,40,8,16
mclust,0.0,1,XXX,0.11123033397598192,ok,,,dimension,40,8,16
autogmm_full,0.563958776132885,5,tied,0.19983154197689146,ok,,,dimension,41,8,16
mclust,0.0,1,XXX,0.11177812499227002,ok,,,dimension,41,8,16
autogmm_full,0.3816388204442527,4,tied,0.16536920802900568,ok,,,dimension,42,8,16
mclust,0.0,1,XXX,0.10238166700582951,ok,,,dimension,42,8,16
autogmm_full,0.3742243203900737,4,tied,0.2432899170089513,ok,,,dimension,43,8,16
mclust,0.0,1,XXX,0.11470420798286796,ok,,,dimension,43,8,16
autogmm_full,5.624118882017697e-05,3,tied,0.22075187496375293,ok,,,dimension,44,8,16
mclust,0.0,1,XXX,0.12532924994593486,ok,,,dimension,44,8,16
autogmm_full,0.003202547359745162,5,tied,0.19228483299957588,ok,,,dimension,45,8,16
mclust,0.0,1,XXX,0.11229116696631536,ok,,,dimension,45,8,16
autogmm_full,-0.003413652208825703,3,tied,0.2453612499521114,ok,,,dimension,46,8,16
mclust,0.0,1,XXX,0.1211720000137575,ok,,,dimension,46,8,16
autogmm_full,0.3731541871401212,4,tied,0.19054283399600536,ok,,,dimension,47,8,16
mclust,0.0,1,XXX,0.10335800005123019,ok,,,dimension,47,8,16
autogmm_full,-0.0028011756157602513,4,tied,0.21556191705167294,ok,,,dimension,48,8,16
mclust,0.0,1,XXX,0.1039109579869546,ok,,,dimension,48,8,16
autogmm_full,-0.0012811135581891726,3,tied,0.17226424999535084,ok,,,dimension,49,8,16
mclust,0.0,1,XXX,0.11769766599172726,ok,,,dimension,49,8,16
autogmm_full,0.5233279229036782,2,tied,0.22561958397272974,ok,,,dimension,0,9,18
mclust,0.0,1,XXX,0.15334941702894866,ok,,,dimension,0,9,18
autogmm_full,-0.0008162663598552936,4,tied,0.2333448330173269,ok,,,dimension,1,9,18
mclust,0.0,1,XXX,0.12648187502054498,ok,,,dimension,1,9,18
autogmm_full,0.0036925584593593495,4,tied,0.2239081659936346,ok,,,dimension,2,9,18
mclust,0.0,1,XXX,0.1245642919675447,ok,,,dimension,2,9,18
autogmm_full,0.0014741835941701903,5,tied,0.22848116600653157,ok,,,dimension,3,9,18
mclust,0.0,1,XXX,0.1218907079892233,ok,,,dimension,3,9,18
autogmm_full,-0.002184731630492787,3,tied,0.3075595829868689,ok,,,dimension,4,9,18
mclust,0.0,1,XXX,0.13862037501530722,ok,,,dimension,4,9,18
autogmm_full,0.37173556624708814,4,tied,0.22775858303066343,ok,,,dimension,5,9,18
mclust,0.0,1,XXX,0.11788416700437665,ok,,,dimension,5,9,18
autogmm_full,0.3748289332902038,4,tied,0.20535045897122473,ok,,,dimension,6,9,18
mclust,0.0,1,XXX,0.12161508301505819,ok,,,dimension,6,9,18
autogmm_full,-0.0006666532690227146,3,tied,0.21096116601256654,ok,,,dimension,7,9,18
mclust,0.0,1,XXX,0.13237820798531175,ok,,,dimension,7,9,18
autogmm_full,0.0023182296483197657,5,tied,0.24925350002013147,ok,,,dimension,8,9,18
mclust,0.0,1,XXX,0.12340625002980232,ok,,,dimension,8,9,18
autogmm_full,-0.0018955738473556303,3,tied,0.22446900000795722,ok,,,dimension,9,9,18
mclust,0.0,1,XXX,0.12276716699125245,ok,,,dimension,9,9,18
autogmm_full,1.0,3,tied,0.2800987500231713,ok,,,dimension,10,9,18
mclust,0.0,1,XXX,0.13999608397716656,ok,,,dimension,10,9,18
autogmm_full,-0.0033054310586681946,4,tied,0.18613749998621643,ok,,,dimension,11,9,18
mclust,0.0,1,XXX,0.12431304104393348,ok,,,dimension,11,9,18
autogmm_full,0.00530165219660972,5,tied,0.23190591600723565,ok,,,dimension,12,9,18
mclust,0.0,1,XXX,0.12391633400693536,ok,,,dimension,12,9,18
autogmm_full,0.0032960550041859285,5,tied,0.2232305830111727,ok,,,dimension,13,9,18
mclust,0.0,1,XXX,0.119030500005465,ok,,,dimension,13,9,18
autogmm_full,0.3759601957749987,4,tied,0.21051020798040554,ok,,,dimension,14,9,18
mclust,0.0,1,XXX,0.11809170804917812,ok,,,dimension,14,9,18
autogmm_full,0.3727631926110695,4,tied,0.23897295800270513,ok,,,dimension,15,9,18
mclust,0.0,1,XXX,0.1342399590066634,ok,,,dimension,15,9,18
autogmm_full,0.0006345567550944903,3,tied,0.26850812503835186,ok,,,dimension,16,9,18
mclust,0.0,1,XXX,0.13031358399894089,ok,,,dimension,16,9,18
autogmm_full,0.00041768841774162275,3,tied,0.20360058400547132,ok,,,dimension,17,9,18
mclust,0.0,1,XXX,0.12213529198197648,ok,,,dimension,17,9,18
autogmm_full,9.238591171232154e-05,3,tied,0.25534404203062877,ok,,,dimension,18,9,18
mclust,0.0,1,XXX,0.13314954203087837,ok,,,dimension,18,9,18
autogmm_full,0.3742974008562928,4,tied,0.23213700001360849,ok,,,dimension,19,9,18
mclust,0.0,1,XXX,0.11325099994428456,ok,,,dimension,19,9,18
autogmm_full,0.011132154936606976,5,tied,0.3166836249874905,ok,,,dimension,20,9,18
mclust,0.0,1,XXX,0.12724458298180252,ok,,,dimension,20,9,18
autogmm_full,-0.0035582311003942812,3,tied,0.21767233399441466,ok,,,dimension,21,9,18
mclust,0.0,1,XXX,0.17736737499944866,ok,,,dimension,21,9,18
autogmm_full,0.012682740077924184,3,tied,0.31482433300698176,ok,,,dimension,22,9,18
mclust,0.0,1,XXX,0.13709237502189353,ok,,,dimension,22,9,18
autogmm_full,0.5930231907205769,5,tied,0.2613759170053527,ok,,,dimension,23,9,18
mclust,0.0,1,XXX,0.12347687501460314,ok,,,dimension,23,9,18
autogmm_full,0.006887593815435503,3,tied,0.20614016603212804,ok,,,dimension,24,9,18
mclust,0.0,1,XXX,0.11205916700419039,ok,,,dimension,24,9,18
autogmm_full,-0.0007526169820425684,5,tied,0.2244241660227999,ok,,,dimension,25,9,18
mclust,0.0,1,XXX,0.1268132079858333,ok,,,dimension,25,9,18
autogmm_full,0.0010822251747986782,4,tied,0.2270129579701461,ok,,,dimension,26,9,18
mclust,0.0,1,XXX,0.11352079198695719,ok,,,dimension,26,9,18
autogmm_full,-0.0017785599538853334,5,tied,0.2412741250009276,ok,,,dimension,27,9,18
mclust,0.0,1,XXX,0.12600416701752692,ok,,,dimension,27,9,18
autogmm_full,0.006736583640326333,5,tied,0.19555170799139887,ok,,,dimension,28,9,18
mclust,0.0,1,XXX,0.12362766696605831,ok,,,dimension,28,9,18
autogmm_full,0.0008875698153395023,3,tied,0.3038913330528885,ok,,,dimension,29,9,18
mclust,0.0,1,XXX,0.11472887499257922,ok,,,dimension,29,9,18
autogmm_full,0.007495302680346315,4,tied,0.2358373329625465,ok,,,dimension,30,9,18
mclust,0.0,1,XXX,0.12853454099968076,ok,,,dimension,30,9,18
autogmm_full,0.7624666005247123,5,tied,0.2807209999882616,ok,,,dimension,31,9,18
mclust,0.0,1,XXX,0.12058887502644211,ok,,,dimension,31,9,18
autogmm_full,0.0003453989719573336,3,tied,0.25417262502014637,ok,,,dimension,32,9,18
mclust,0.0,1,XXX,0.1277295000036247,ok,,,dimension,32,9,18
autogmm_full,0.5743042532641071,5,tied,0.22460329200839624,ok,,,dimension,33,9,18
mclust,0.0,1,XXX,0.13007945800200105,ok,,,dimension,33,9,18
autogmm_full,-0.0013892079548456092,3,tied,0.29467033297987655,ok,,,dimension,34,9,18
mclust,0.0,1,XXX,0.1475682079908438,ok,,,dimension,34,9,18
autogmm_full,0.000309254249065189,3,tied,0.1982135419966653,ok,,,dimension,35,9,18
mclust,0.0,1,XXX,0.12012758397031575,ok,,,dimension,35,9,18
autogmm_full,-0.0023647686246757913,4,tied,0.21872633299790323,ok,,,dimension,36,9,18
mclust,0.0,1,XXX,0.1191634580027312,ok,,,dimension,36,9,18
autogmm_full,0.12263658046341865,5,tied,0.24746016698190942,ok,,,dimension,37,9,18
mclust,0.0,1,XXX,0.1265797079540789,ok,,,dimension,37,9,18
autogmm_full,0.006830417931832611,5,tied,0.22311550000449643,ok,,,dimension,38,9,18
mclust,0.0,1,XXX,0.12006766704143956,ok,,,dimension,38,9,18
autogmm_full,0.000309254249065189,3,tied,0.2271476669702679,ok,,,dimension,39,9,18
mclust,0.0,1,XXX,0.12301462498726323,ok,,,dimension,39,9,18
autogmm_full,7.093107431379347e-05,4,tied,0.23833566601388156,ok,,,dimension,40,9,18
mclust,0.0,1,XXX,0.14256866701180115,ok,,,dimension,40,9,18
autogmm_full,0.004357463212985382,3,tied,0.18691012501949444,ok,,,dimension,41,9,18
mclust,0.0,1,XXX,0.12848787498660386,ok,,,dimension,41,9,18
autogmm_full,0.3816388204442527,4,tied,0.33888862503226846,ok,,,dimension,42,9,18
mclust,0.0,1,XXX,0.11245337495347485,ok,,,dimension,42,9,18
autogmm_full,0.3742243203900737,4,tied,0.3815852500265464,ok,,,dimension,43,9,18
mclust,0.0,1,XXX,0.1297821250045672,ok,,,dimension,43,9,18
autogmm_full,5.624118882017697e-05,3,tied,0.24141733295982704,ok,,,dimension,44,9,18
mclust,0.0,1,XXX,0.12080004200106487,ok,,,dimension,44,9,18
autogmm_full,0.005694817959994732,3,tied,0.22439074999419972,ok,,,dimension,45,9,18
mclust,0.0,1,XXX,0.13063745899125934,ok,,,dimension,45,9,18
autogmm_full,-0.003413652208825703,3,tied,0.28961691696895286,ok,,,dimension,46,9,18
mclust,0.0,1,XXX,0.11872470797970891,ok,,,dimension,46,9,18
autogmm_full,0.3360844545770507,5,tied,0.24493241700110957,ok,,,dimension,47,9,18
mclust,0.0,1,XXX,0.11644145799800754,ok,,,dimension,47,9,18
autogmm_full,0.332983061001083,5,tied,0.2803937090211548,ok,,,dimension,48,9,18
mclust,0.0,1,XXX,0.11279199999989942,ok,,,dimension,48,9,18
autogmm_full,-0.0012811135581891726,3,tied,0.19603941700188443,ok,,,dimension,49,9,18
mclust,0.0,1,XXX,0.1246737499604933,ok,,,dimension,49,9,18
autogmm_full,0.5233279229036782,2,tied,0.38133241701871157,ok,,,dimension,0,10,20
mclust,0.0,1,XXX,0.17429870797786862,ok,,,dimension,0,10,20
autogmm_full,-0.0008162663598552936,4,tied,0.4311595839681104,ok,,,dimension,1,10,20
mclust,0.0,1,XXX,0.14383254200220108,ok,,,dimension,1,10,20
autogmm_full,0.004399160953468903,5,tied,0.24992337496951222,ok,,,dimension,2,10,20
mclust,0.0,1,XXX,0.14697045797947794,ok,,,dimension,2,10,20
autogmm_full,0.004984970022666537,5,tied,0.27377425000304356,ok,,,dimension,3,10,20
mclust,0.0,1,XXX,0.1406200419878587,ok,,,dimension,3,10,20
autogmm_full,-0.002184731630492787,3,tied,0.32780874997843057,ok,,,dimension,4,10,20
mclust,0.0,1,XXX,0.15174220799235627,ok,,,dimension,4,10,20
autogmm_full,0.37173556624708814,4,tied,0.3016475000185892,ok,,,dimension,5,10,20
mclust,0.0,1,XXX,0.128133499994874,ok,,,dimension,5,10,20
autogmm_full,0.3733090944117582,4,tied,0.22759450000012293,ok,,,dimension,6,10,20
mclust,0.0,1,XXX,0.14664654101943597,ok,,,dimension,6,10,20
autogmm_full,-0.0006666532690227146,3,tied,0.2391574999783188,ok,,,dimension,7,10,20
mclust,0.0,1,XXX,0.13226649997523054,ok,,,dimension,7,10,20
autogmm_full,0.0011969353546353635,5,tied,0.24022016598610207,ok,,,dimension,8,10,20
mclust,0.0,1,XXX,0.15234033402521163,ok,,,dimension,8,10,20
autogmm_full,-0.0020762974618163533,3,tied,0.30860220902832225,ok,,,dimension,9,10,20
mclust,0.0,1,XXX,0.14373029203852639,ok,,,dimension,9,10,20
autogmm_full,0.003144636530327657,4,tied,0.2892239579814486,ok,,,dimension,10,10,20
mclust,0.0,1,XXX,0.14756754104746506,ok,,,dimension,10,10,20
autogmm_full,-0.0033054310586681946,4,tied,0.19475562497973442,ok,,,dimension,11,10,20
mclust,0.0,1,XXX,0.1354866250185296,ok,,,dimension,11,10,20
autogmm_full,0.002031254387049364,4,tied,0.25793462502770126,ok,,,dimension,12,10,20
mclust,0.0,1,XXX,0.14490587502950802,ok,,,dimension,12,10,20
autogmm_full,0.00384895473693989,5,tied,0.24363670800812542,ok,,,dimension,13,10,20
mclust,0.0,1,XXX,0.1315920000197366,ok,,,dimension,13,10,20
autogmm_full,0.3759601957749987,4,tied,0.24546979099977762,ok,,,dimension,14,10,20
mclust,0.0,1,XXX,0.14162300003226846,ok,,,dimension,14,10,20
autogmm_full,0.0026586612370545866,3,tied,0.2601657919585705,ok,,,dimension,15,10,20
mclust,0.0,1,XXX,0.13042374997166917,ok,,,dimension,15,10,20
autogmm_full,-0.0032530549737839125,5,tied,0.31543225003406405,ok,,,dimension,16,10,20
mclust,0.0,1,XXX,0.14582079200772569,ok,,,dimension,16,10,20
autogmm_full,0.00041768841774162275,3,tied,0.22172008303459734,ok,,,dimension,17,10,20
mclust,0.0,1,XXX,0.14041937503498048,ok,,,dimension,17,10,20
autogmm_full,-0.0016787055100027628,3,tied,0.21568433300126344,ok,,,dimension,18,10,20
mclust,0.0,1,XXX,0.1353284590295516,ok,,,dimension,18,10,20
autogmm_full,0.3742974008562928,4,tied,0.2279100840096362,ok,,,dimension,19,10,20
mclust,0.0,1,XXX,0.1283665410010144,ok,,,dimension,19,10,20
autogmm_full,0.0008616547310017383,2,tied,0.3625774580286816,ok,,,dimension,20,10,20
mclust,0.0,1,XXX,0.14003108302131295,ok,,,dimension,20,10,20
autogmm_full,-0.0035582311003942812,3,tied,0.21975570800714195,ok,,,dimension,21,10,20
mclust,0.0,1,XXX,0.1361782499589026,ok,,,dimension,21,10,20
autogmm_full,-0.003052204979904257,3,tied,0.2434490840532817,ok,,,dimension,22,10,20
mclust,0.0,1,XXX,0.14845712500391528,ok,,,dimension,22,10,20
autogmm_full,0.0005261225864180565,3,tied,0.2730397920240648,ok,,,dimension,23,10,20
mclust,0.0,1,XXX,0.13172158400993794,ok,,,dimension,23,10,20
autogmm_full,0.3756903919547184,4,tied,0.26658491702983156,ok,,,dimension,24,10,20
mclust,0.0,1,XXX,0.12661020801169798,ok,,,dimension,24,10,20
autogmm_full,0.0013574512129373819,3,tied,0.23962270800257102,ok,,,dimension,25,10,20
mclust,0.0,1,XXX,0.13994787499541417,ok,,,dimension,25,10,20
autogmm_full,4.850304706756327e-05,4,tied,0.2498889999696985,ok,,,dimension,26,10,20
mclust,0.0,1,XXX,0.12750012503238395,ok,,,dimension,26,10,20
autogmm_full,-0.000878827701352328,4,tied,0.2483819589833729,ok,,,dimension,27,10,20
mclust,0.0,1,XXX,0.13447724998695776,ok,,,dimension,27,10,20
autogmm_full,0.0033916202148450074,5,tied,0.23631999996723607,ok,,,dimension,28,10,20
mclust,0.0,1,XXX,0.13439962500706315,ok,,,dimension,28,10,20
autogmm_full,0.0011044381526923697,3,tied,0.2814834999735467,ok,,,dimension,29,10,20
mclust,0.0,1,XXX,0.13765070802764967,ok,,,dimension,29,10,20
autogmm_full,-0.0002977335530967755,4,tied,0.2379443749669008,ok,,,dimension,30,10,20
mclust,0.0,1,XXX,0.1384722079965286,ok,,,dimension,30,10,20
autogmm_full,0.004223928647097138,4,tied,0.3117845000233501,ok,,,dimension,31,10,20
mclust,0.0,1,XXX,0.13007524999557063,ok,,,dimension,31,10,20
autogmm_full,-0.0017148502328949075,3,tied,0.2914549999986775,ok,,,dimension,32,10,20
mclust,0.0,1,XXX,0.14404554199427366,ok,,,dimension,32,10,20
autogmm_full,0.5743042532641071,5,tied,0.40172545798122883,ok,,,dimension,33,10,20
mclust,0.0,1,XXX,0.1461517919669859,ok,,,dimension,33,10,20
autogmm_full,0.0006345567550944903,3,tied,0.26773312501609325,ok,,,dimension,34,10,20
mclust,0.0,1,XXX,0.1524266250198707,ok,,,dimension,34,10,20
autogmm_full,-0.0008539659399252246,4,tied,0.272569666034542,ok,,,dimension,35,10,20
mclust,0.0,1,XXX,0.1369376250077039,ok,,,dimension,35,10,20
autogmm_full,-0.003575421232244695,5,tied,0.21522633399581537,ok,,,dimension,36,10,20
mclust,0.0,1,XXX,0.13339549995725974,ok,,,dimension,36,10,20
autogmm_full,-0.0030821045076460892,4,tied,0.3011149579542689,ok,,,dimension,37,10,20
mclust,0.0,1,XXX,0.12726833298802376,ok,,,dimension,37,10,20
autogmm_full,0.002949546336163014,4,tied,0.24868683295790106,ok,,,dimension,38,10,20
mclust,0.0,1,XXX,0.135442917002365,ok,,,dimension,38,10,20
autogmm_full,0.0015996899897678027,4,tied,0.28773383295629174,ok,,,dimension,39,10,20
mclust,0.0,1,XXX,0.14415945898508653,ok,,,dimension,39,10,20
autogmm_full,7.093107431379347e-05,4,tied,0.30050508299609646,ok,,,dimension,40,10,20
mclust,0.0,1,XXX,0.14708512497600168,ok,,,dimension,40,10,20
autogmm_full,0.003851437092495358,3,tied,0.2518476659897715,ok,,,dimension,41,10,20
mclust,0.0,1,XXX,0.13326129101915285,ok,,,dimension,41,10,20
autogmm_full,0.0003926369714591757,4,tied,0.22121666703606024,ok,,,dimension,42,10,20
mclust,0.0,1,XXX,0.1254716250114143,ok,,,dimension,42,10,20
autogmm_full,-0.0011726793895127387,3,tied,0.3480161670013331,ok,,,dimension,43,10,20
mclust,0.0,1,XXX,0.14407979202223942,ok,,,dimension,43,10,20
autogmm_full,0.00045338521240997605,5,tied,0.26696137501858175,ok,,,dimension,44,10,20
mclust,0.0,1,XXX,0.14265633298782632,ok,,,dimension,44,10,20
autogmm_full,0.005694817959994732,3,tied,0.1869315420044586,ok,,,dimension,45,10,20
mclust,0.0,1,XXX,0.1356521249981597,ok,,,dimension,45,10,20
autogmm_full,0.00209725435058673,4,tied,0.3116267920122482,ok,,,dimension,46,10,20
mclust,0.0,1,XXX,0.14801445900229737,ok,,,dimension,46,10,20
autogmm_full,0.37888601809968764,4,tied,0.27344233298208565,ok,,,dimension,47,10,20
mclust,0.0,1,XXX,0.1308739999658428,ok,,,dimension,47,10,20
autogmm_full,0.3760386157692943,4,tied,0.22185462497873232,ok,,,dimension,48,10,20
mclust,0.0,1,XXX,0.12402154196752235,ok,,,dimension,48,10,20
autogmm_full,-0.0012811135581891726,3,tied,0.22396837500855327,ok,,,dimension,49,10,20
mclust,0.0,1,XXX,0.14176937501179054,ok,,,dimension,49,10,20
