ase_dimension_1,ase_dimension_2,reference,autogmm_raw,autogmm_mapped,mclust_raw,mclust_mapped
-0.6955049451999061,0.009765076642449659,1,2,1,1,1
-0.4657981254364997,-0.0368963002139655,1,2,1,1,1
-0.4741374992726663,0.0286416247060851,1,2,1,1,1
-0.3232887637204292,-0.08284118648191884,1,2,1,1,1
-0.4551899585683146,-0.12968719631307887,1,2,1,1,1
-0.34526802877055757,-0.1660618152483695,1,2,1,1,1
-0.4848948722718084,0.1209142161029006,1,2,1,1,1
-0.48024773567270557,-0.044364324139583106,1,2,1,1,1
-0.6101171667480062,-0.04421450194536686,1,2,1,1,1
-0.728334578887209,0.07361024690773518,1,2,1,1,1
-0.7178335479893797,0.017544535212240833,1,2,1,1,1
-0.808479685993625,0.2973041911723483,1,2,1,1,1
-0.7116234969425482,-0.07152187547301134,1,2,1,1,1
-0.5568938879194765,0.03439246301849094,1,2,1,1,1
-0.2851049506486167,0.053371278040254884,1,2,1,1,1
-0.30301888432909196,-0.09244109375624061,1,2,1,1,1
-0.4716197127999904,-0.10849181141150437,1,2,1,1,1
-0.2906216864073896,-0.02823590180277239,1,2,1,1,1
-0.2522800719309486,0.0586716852935718,1,2,1,1,1
-0.5568305612727208,-0.10866726615629918,1,2,1,1,1
-0.4604745034678476,-0.17721796116749924,1,2,1,1,1
-0.3361462111577199,-0.03123750624400715,1,2,1,1,1
-0.27759024619142575,-0.052496605102279624,1,2,1,1,1
-0.6379150754729206,0.07562945910624554,1,2,1,1,1
0.0850521407825141,-0.030275197883898035,1,2,1,1,1
-0.22932126430680969,-0.13430816190250233,1,2,1,2,1
-0.2775295454329362,-0.0216866565129299,1,2,1,1,1
-0.24374593133541383,0.09866244422301887,1,2,1,2,1
-0.2572872308668367,-0.24715902215560615,1,2,1,2,1
-0.12005887329975436,0.02785222769076025,1,2,1,2,1
-0.20191435752808906,-0.1629884884016368,1,2,1,2,1
-0.14664875122889895,-0.006857834810576423,1,2,1,2,1
-0.08145939139255422,0.023371092148322205,1,2,1,2,1
-0.2814019442234545,-0.10837321863290249,1,2,1,2,1
-0.06424044387916078,-0.08925069717887142,1,2,1,2,1
-0.09984783896345883,-0.1964880017885481,1,2,1,2,1
0.046161850099747465,0.048410655375466266,1,2,1,2,1
0.06580986760426223,-0.028860050319488826,1,2,1,2,1
-0.23538288489714765,0.08211639925506561,1,2,1,2,1
-0.21625073826751,0.3268794080436103,1,2,1,2,1
-0.3325649306206086,-0.026104573356475005,1,2,1,2,1
-0.3009985171808188,0.06750068178040805,1,2,1,2,1
0.0401272251069021,0.2053658969808682,1,2,1,2,1
-0.2038866658268723,0.1944944263254182,1,2,1,2,1
-0.26212448432873037,-0.014046483703583698,1,2,1,2,1
-0.21277991478500527,-0.12254160488659437,1,2,1,2,1
-0.07110604078085775,0.10459672157842703,1,2,1,2,1
0.034432867924681365,0.13367051367915098,1,2,1,2,1
-0.12511220672850384,-0.19390442063477334,1,2,1,2,1
-0.2184389876317445,0.15066108713105447,1,2,1,2,1
-0.262563353710329,-0.16011071031303872,1,2,1,2,1
-0.08753784193889619,-0.1149804974726316,1,2,1,2,1
-0.1141658944497057,0.07959183049863319,1,2,1,2,1
-0.13495052289965845,-0.1647706897309976,1,2,1,2,1
-0.1265407192451127,0.23596967055821166,1,2,1,2,1
0.17009984410369275,-0.05226830589236563,1,2,1,2,1
0.20819274403667948,-0.007518576383788167,1,2,1,2,1
-0.15926300694067314,-0.13663930724344087,1,2,1,2,1
0.05410577541898438,0.14147737227759447,1,2,1,2,1
-0.13991858644856195,-0.056869882913995626,1,2,1,2,1
0.19665542893371313,0.015078042519183408,1,2,1,2,1
0.15767966957726845,0.2410222565624054,1,2,1,2,1
0.3637157015032374,-0.01175529183601242,1,2,1,2,1
0.5273967948760023,-0.24495022357837887,1,2,1,2,1
0.14987606389485808,-0.16767730531612893,1,2,1,2,1
0.411183357382679,0.021182500896948307,1,2,1,2,1
0.3616956832371302,-0.23969081942901796,1,2,1,2,1
0.26650390336044455,0.005087539748429777,1,2,1,2,1
0.44235719230562776,-0.12054153694762579,1,2,1,2,1
0.5429478927735497,-0.20221622625519756,1,2,1,2,1
0.6684246033547433,-0.35458452454336103,1,2,1,2,1
0.4106007530582219,-0.13593809438711157,1,2,1,2,1
0.431043199183691,-0.10655983754551283,1,2,1,2,1
0.27032491142416326,-0.024407038455388004,1,2,1,2,1
-0.19806554995132336,-0.04931412484418421,1,2,1,2,1
0.13841612348069457,0.035504909260901614,1,2,1,2,1
0.28924148235796954,0.08001269914683795,1,2,1,2,1
0.16984288200817124,-0.03355465828489646,1,2,1,2,1
-0.014596173169532368,-0.08229384225947295,1,2,1,2,1
-0.029962257844482174,-0.10668108783910826,1,0,2,2,1
0.2808571568216118,0.05737767954504372,1,0,2,2,1
-0.2831807876823604,0.03875732678402075,1,0,2,2,1
0.2101563936363328,0.08110965985264489,1,0,2,2,1
-0.12184306957398586,0.02688218505004458,1,0,2,2,1
-0.14657113454378334,0.051194856766302345,1,0,2,2,1
-0.26025393693064464,0.031455289853148244,1,0,2,2,1
-0.3645100247410417,0.026791047227350196,1,0,2,3,2
-0.340341920100437,0.02831825597541655,1,0,2,3,2
-0.2868961903801325,0.09940192665408251,1,0,2,2,1
-0.32365345927615635,0.0630152966533231,1,0,2,3,2
-0.37144674973828795,0.049961850523087645,1,0,2,3,2
-0.27617775889930335,0.030604835678646688,1,0,2,2,1
-0.19447106163074662,0.05836753712074121,1,0,2,2,1
-0.37925731523250383,0.05066109728984011,1,1,4,5,4
-0.2610636786765485,0.05178652790851742,1,0,2,2,1
-0.38567810264834856,0.04142188751437057,1,0,2,3,2
-0.3693075437220947,0.062267071299735896,1,0,2,3,2
-0.3786765223543603,0.050232904351288014,1,0,2,3,2
-0.3793277909429708,0.050724236050674124,1,1,4,5,4
-0.3776745239019922,0.04894280872853608,1,0,2,3,2
1.3653557603611277,-0.5806502422914692,2,0,2,4,3
0.9187825960982925,0.04997567752082866,2,0,2,4,3
1.4681767218184982,-0.8953424172340538,2,0,2,4,3
1.2599071411084146,-0.859261139652432,2,0,2,4,3
1.208582798249687,-0.6908338981075657,2,0,2,4,3
1.2014736536003168,-0.7881633339359537,2,0,2,4,3
1.187799827670119,-0.7720785478444585,2,0,2,4,3
0.895200799879709,-0.5694181891718396,2,0,2,4,3
1.0382508386033753,-0.7870400131813583,2,0,2,4,3
1.0214738056968178,-0.7419196541202218,2,0,2,4,3
0.7692528065077934,-0.6169438229422832,2,0,2,4,3
1.0330512013053672,-0.6452662872308631,2,0,2,4,3
0.5491617405301186,-0.3622947212755443,2,0,2,4,3
1.0822248520986908,-0.733119578101697,2,0,2,4,3
0.4091139118572292,0.0036608050718541607,2,0,2,4,3
0.8082566066232018,-0.6041315881273747,2,0,2,4,3
0.7757713145364917,-0.5455942569952283,2,0,2,4,3
0.5227342944135205,-0.21456943257382127,2,0,2,4,3
-0.11489262991379517,0.05512984350230607,2,0,2,2,1
0.039092471708836375,-0.1422485523668037,2,0,2,2,1
-0.24860058810673277,-0.10442760193895904,2,0,2,2,1
0.7354408495614562,0.7626105704337007,3,3,3,4,3
0.5625325255276081,0.9577451177240431,3,3,3,4,3
0.8133320251229955,0.9756180457459851,3,3,3,4,3
0.6259258729929328,1.0197117189044942,3,3,3,4,3
0.7969719140436141,0.9646139001551656,3,3,3,4,3
0.6680006240220712,0.8297087958233518,3,3,3,4,3
0.710882826198748,0.7002496918377036,3,3,3,4,3
0.4745236845052291,0.6053006988531433,3,3,3,4,3
0.7221769212881289,0.949752539906594,3,3,3,4,3
0.5813989741939191,0.8929623392848346,3,3,3,4,3
0.7652497913776729,0.7997686560798976,3,3,3,4,3
0.45035744988576565,1.0825942065687315,3,3,3,4,3
0.6791385586100448,0.7327618998951357,3,3,3,4,3
0.5096647756853875,0.8420501874103635,3,3,3,4,3
0.4924334110638506,0.6342471722548138,3,3,3,4,3
0.4394652204267719,0.6978512368607495,3,3,3,4,3
0.40814826501417456,0.8677767416937828,3,3,3,4,3
0.17282813165131936,0.5516557541248379,3,3,3,4,3
0.04833084421229801,0.6347890821560311,3,3,3,4,3
0.27918650003173284,0.845948992690019,3,3,3,4,3
0.19861355390289862,0.7404984139572298,3,3,3,4,3
0.20969885152942783,0.7986483284810312,3,3,3,4,3
0.2231938831531613,0.6547780309367933,3,3,3,4,3
0.199962548005695,0.8885207088176457,3,3,3,4,3
0.3227070217789221,0.5654271224880242,3,3,3,4,3
0.07734480460923104,0.39989494432228934,3,3,3,4,3
0.11961436625098033,0.7333810754430226,3,3,3,4,3
-0.04216586304287636,0.4907544262052953,3,3,3,4,3
-0.5681917601640369,0.30057428022567684,3,0,2,2,1
-0.21306939926652815,-0.4145197564705953,4,1,4,5,4
-0.2069303289359524,-0.392766581264366,4,1,4,5,4
-0.20259041099283492,-0.4305536528324652,4,1,4,5,4
-0.19907840568473972,-0.33291053082857164,4,1,4,5,4
-0.17334774069684694,-0.43633431971402936,4,1,4,5,4
-0.19073320398220803,-0.39106646306027876,4,1,4,5,4
-0.13485220652205102,-0.5184274246720113,4,1,4,5,4
-0.15161807902340846,-0.4507753646104376,4,1,4,5,4
-0.21057956173855819,-0.36489550116124064,4,1,4,5,4
-0.2070223056907521,-0.35456952535140884,4,1,4,5,4
-0.22488988849969288,-0.39021126653857935,4,1,4,5,4
-0.2993737199052452,-0.17445881270080413,4,1,4,5,4
-0.15878121968296263,-0.391116296998742,4,1,4,5,4
-0.24656797095440453,-0.26088200263379624,4,1,4,5,4
-0.17231010285086645,-0.4984250003172897,4,1,4,5,4
-0.3686218639297773,-0.0313019184814039,4,1,4,5,4
-0.2757185890963796,-0.194059226713431,4,1,4,5,4
-0.20817872967766454,-0.3843083358342588,4,1,4,5,4
-0.2106401096445344,-0.32438973998828424,4,1,4,5,4
-0.24707302129520572,-0.26761048286565553,4,1,4,5,4
-0.2776963900448341,-0.24459758687884642,4,1,4,5,4
-0.2696794991266093,-0.20710750038567688,4,1,4,5,4
-0.2474380547313167,-0.2829056682715475,4,1,4,5,4
-0.3697889423861309,0.013853859099582994,4,1,4,5,4
-0.2922867858965785,-0.20265560395860868,4,1,4,5,4
-0.33828316203219955,-0.04930543061480157,4,1,4,5,4
-0.36978894238613097,0.013853859099583107,4,1,4,5,4
-0.32784869439590525,-0.1310932116442364,4,1,4,5,4
-0.21133036774165811,-0.3652381901143186,4,1,4,5,4
-0.3207757462285143,-0.07107723464606577,4,1,4,5,4
-0.34978020205455157,-0.027120052318933458,4,1,4,5,4
-0.3680077736636162,-0.005334401492385777,4,1,4,5,4
-0.3628919308444292,-0.0010796179234949306,4,1,4,5,4
-0.36800777366361626,-0.005334401492385595,4,1,4,5,4
-0.3778351613461756,0.03165592099468257,4,1,4,5,4
-0.35272938814078864,-0.0508987935125342,4,1,4,5,4
-0.3364928329428297,-0.060851816056137424,4,1,4,5,4
-0.36500491413525016,0.021274072880953575,4,1,4,5,4
-0.3644290392805108,0.004336091103825948,4,1,4,5,4
-0.36978894238613086,0.013853859099583013,4,1,4,5,4
-0.31985167447097995,-0.12203440588039466,4,1,4,5,4
-0.30049381741734477,-0.16667989722700566,4,1,4,5,4
-0.3546124230277127,-0.03267519764197417,4,1,4,5,4
-0.3312891987317273,-0.062464443541830596,4,1,4,5,4
-0.3650049141352501,0.021274072880953482,4,1,4,5,4
-0.3274633592657186,-0.09584046595149397,4,1,4,5,4
-0.35255336655652797,-0.048667976480369975,4,1,4,5,4
-0.3778351613461757,0.031655920994682334,4,1,4,5,4
-0.3763207985266356,0.026252370769961047,4,1,4,5,4
-0.36586179515586503,0.02340206004128962,4,1,4,5,4
-0.3610597360498142,-0.019971710052723114,4,1,4,5,4
-0.3658617951558651,0.02340206004128954,4,1,4,5,4
-0.3658617951558651,0.023402060041289467,4,1,4,5,4
-0.36586179515586503,0.023402060041289596,4,1,4,5,4
-0.3763207985266356,0.026252370769961064,4,1,4,5,4
-0.3586156094287124,-0.02749921993618181,4,1,4,5,4
-0.36586179515586503,0.02340206004128932,4,1,4,5,4
-0.3664469010247276,-0.00808365939803556,4,1,4,5,4
-0.3650049141352501,0.021274072880953683,4,1,4,5,4
-0.3668756675994079,0.03483170508983173,4,1,4,5,4
-0.3778351613461757,0.03165592099468214,4,1,4,5,4
-0.3722618657773969,0.024357237451115392,4,1,4,5,4
-0.3778351613461757,0.03165592099468254,4,1,4,5,4
