seed,d,k,p,snr,ratio,ari_gf_avg,ari_gf_comp,ari_geo_mle,q_geo_mle,rpos_mds,pos_share,ari_kw
0,256,3,5,3.0,1:1:1,0.5585926558374147,0.5439219207534391,0.789768712935379,2,284,0.8991793245228534,0.003681027465182763
1,256,3,5,3.0,1:1:1,0.5323517826190693,0.8422949484265393,0.9032342974330942,2,293,0.8825228089365004,0.03593079843550598
2,256,3,5,3.0,1:1:1,0.5426752571940174,0.5379444336956719,0.9166830518234739,2,452,0.9733238673370423,0.014613142166808039
3,256,3,5,3.0,1:1:1,0.5488357983927854,0.46358659798643503,0.9505990055946216,2,352,0.9356925084061888,0.047697781681547646
4,256,3,5,3.0,1:1:1,0.554611124892955,0.554611124892955,0.5292491078569542,2,305,0.9357594223748984,0.006722145135629605
5,256,3,5,3.0,1:1:1,0.5609533561590856,0.553935875284397,0.6251594671178485,2,346,0.93604225524747,0.062388732877778054
6,256,3,5,3.0,1:1:1,0.5366807200885181,0.5238094796893296,0.7438787736403148,2,388,0.9606153315352182,0.0964417648382945
7,256,3,5,3.0,1:1:1,1.0,1.0,0.9949958125176231,2,426,0.9560113589160578,0.06101957389222645
8,256,3,5,3.0,1:1:1,0.5681635479167226,0.5658195914640884,0.9701386728410242,2,291,0.9139297665000046,0.12075257732857483
9,256,3,5,3.0,1:1:1,0.5536962186193903,0.5515065709966654,0.48853139830566267,2,407,0.9722001901353822,0.005763365484848415
10,256,3,5,3.0,1:1:1,1.0,1.0,1.0,2,328,0.9068082476311006,0.08475213648516967
11,256,3,5,3.0,1:1:1,0.5368316430694697,0.5369559204642093,0.9118696246766365,2,376,0.920276554437459,0.003538124768240439
12,256,3,5,3.0,1:1:1,0.5638880458413191,0.5675431087889848,0.9701640069788814,2,507,0.9790732840670744,0.037168380993755114
13,256,3,5,3.0,1:1:1,0.5085075414282142,0.5085075414282142,0.4911180437715409,2,369,0.9331369920881919,-0.0012241851342375825
14,256,3,5,3.0,1:1:1,0.5700020357215562,0.5693745816409359,0.9410468433754614,2,434,0.9591184862664306,-0.0023166344092976233
15,256,3,5,3.0,1:1:1,0.5700020357215562,0.9949958125176231,1.0,2,465,0.9789181979674301,-0.0020629464980960553
16,256,3,5,3.0,1:1:1,0.5177636507413511,0.505262223216366,0.889252480428813,2,297,0.903430284716916,0.019962274488689324
17,256,3,5,3.0,1:1:1,0.5542084477722262,0.5524206818239562,0.4873418222337342,2,322,0.952384850826864,0.03852233608354565
18,256,3,5,3.0,1:1:1,0.9949958125176231,0.9850631913879141,0.9651267665677737,2,295,0.8939318631503675,0.0028384549161946187
19,256,3,5,3.0,1:1:1,0.5547293342714595,0.5547293342714595,0.9651967333829516,2,441,0.9618005908674161,0.012461206362022418
0,256,3,5,3.0,3:1:1,0.49550240311378685,0.503966942302461,0.6378043587788917,2,310,0.8584456385010909,0.08052396824380571
1,256,3,5,3.0,3:1:1,0.03899504001393769,0.8929943310444677,0.9891729425285809,2,310,0.860621260031493,0.07228191466486125
2,256,3,5,3.0,3:1:1,0.011562105965740458,0.8631956399036947,0.9416972545114268,2,323,0.8685739832146652,-0.009287814466273135
3,256,3,5,3.0,3:1:1,0.5366902735059379,0.5226040106825397,1.0,2,304,0.8652175457804924,-0.0007017040764010185
4,256,3,5,3.0,3:1:1,0.4400755723403591,0.9706426892860195,0.9705160548344921,2,317,0.868783239863379,0.09554843532882709
5,256,3,5,3.0,3:1:1,0.011562105965740458,0.9625427930682346,0.9465882892369766,2,315,0.861291181058024,0.05806122192816004
6,256,3,5,3.0,3:1:1,0.5196215322670932,0.5115936058828499,0.9946224419519688,2,316,0.8660385037439415,-0.014369628842837458
7,256,3,5,3.0,3:1:1,0.008634665293770641,0.8898975353381408,0.8968022711440363,2,314,0.8604653048638462,0.09165028990765894
8,256,3,5,3.0,3:1:1,0.10813286026641729,0.8759776945496304,1.0,2,318,0.876737395771372,0.3151111696068855
9,256,3,5,3.0,3:1:1,0.014516071204265343,0.527834232247706,0.9837935323568344,2,311,0.8558412447050106,0.16113516722966578
10,256,3,5,3.0,3:1:1,0.5196215322670932,0.5095265952104072,1.0,2,314,0.8678503573085725,-0.0009580819839203901
11,256,3,5,3.0,3:1:1,0.008634665293770641,0.7329428501978624,0.7572812302991634,2,314,0.8607006291270383,0.04455236145297988
12,256,3,5,3.0,3:1:1,0.35314524866940145,0.8197259932289327,0.9838495548584536,2,318,0.8693607947481987,0.04461143816196495
13,256,3,5,3.0,3:1:1,0.5257221923853787,0.4890168570696295,0.9051945754894195,2,297,0.8500744363853385,-0.001728479523836112
14,256,3,5,3.0,3:1:1,0.5158320746229236,0.5005364339781729,0.9838495548584536,2,310,0.8691828480131741,0.07646769229531578
15,256,3,5,3.0,3:1:1,0.5380085177588683,0.5015248982805166,0.9972999124325999,2,310,0.8680395078543696,0.3926273843141021
16,256,3,5,3.0,3:1:1,0.4895435285894632,0.4571938752975844,0.9732137267352944,2,311,0.8686186850243968,0.1326770276193431
17,256,3,5,3.0,3:1:1,0.5135492168410483,0.4773164855932668,0.9972999124325999,2,298,0.8491259624352314,0.3068741339382483
18,256,3,5,3.0,3:1:1,0.4895435285894632,0.46295413755041565,1.0,2,289,0.8520251369961802,0.16631211269831533
19,256,3,5,3.0,3:1:1,0.5125191904969597,0.49866114350056334,0.9785185156165006,2,310,0.871396478279884,0.28842656848539433
0,256,3,5,3.0,10:1:1,0.9195708643170043,0.35588773283348274,0.34518013569473915,2,310,0.8546215323662365,-0.08554944474897962
1,256,3,5,3.0,10:1:1,0.6571347838603767,0.37388950299941903,0.36802209537915487,2,285,0.8456354204529372,0.8253368015992617
2,256,3,5,3.0,10:1:1,0.5978079596962282,0.21142706687730384,0.14986036495231142,2,285,0.847161314503138,0.7116314803318559
3,256,3,5,3.0,10:1:1,0.33312718944623226,0.17369085055587613,0.08375768653551907,2,278,0.8436266560683613,0.8010947590666273
4,256,3,5,3.0,10:1:1,1.0,1.0,0.3637136180157213,2,282,0.838168351127042,0.7187583917490628
5,256,3,5,3.0,10:1:1,1.0,0.8373793448639825,0.2289871306275837,2,278,0.8373695019933034,0.8703822345339937
6,256,3,5,3.0,10:1:1,0.6257638475764719,-0.05548690105073506,0.08894818362870952,2,268,0.8405629496436626,0.765293218470719
7,256,3,5,3.0,10:1:1,-0.008157069317984482,0.07957771609344756,-0.013854446854783011,2,269,0.8316514354007379,0.8209019518181307
8,256,3,5,3.0,10:1:1,-0.10778137892818815,-0.032352362912166886,0.22124685022419552,2,289,0.8430437624631522,0.2008868250309959
9,256,3,5,3.0,10:1:1,0.07360760565648489,0.07717070332673943,0.20008362180859612,2,309,0.8517483274809929,0.10187988628440121
10,256,3,5,3.0,10:1:1,0.9623541784868541,0.4878849933373548,0.32480853183251635,2,281,0.8437976332672982,0.2340137252284938
11,256,3,5,3.0,10:1:1,-0.050364922252161104,0.8037877304347584,0.34662826851693074,2,282,0.8417993395368488,0.8128674553075276
12,256,3,5,3.0,10:1:1,0.943201315203848,0.33901978025381807,0.34554937853964957,2,302,0.8457532445540048,-0.016630603469910327
13,256,3,5,3.0,10:1:1,0.6868888655635164,0.20813214188413687,0.3267222527305652,2,304,0.8612792404542441,0.1313113251542474
14,256,3,5,3.0,10:1:1,0.04679152595546244,0.5107145506143759,0.026325156024037802,2,278,0.8354540052779368,0.17096945691571852
15,256,3,5,3.0,10:1:1,-0.008746194486961711,0.2599602351330977,0.2222523521321051,2,293,0.8398171244724089,0.11385375445077615
16,256,3,5,3.0,10:1:1,0.6067827299624423,0.9326125614585008,0.415618348052451,2,310,0.8519985640088263,0.17596861803032512
17,256,3,5,3.0,10:1:1,0.6441928440308653,0.13540777905669701,0.20206117927865896,2,298,0.8488154253597079,-0.001084423041119121
18,256,3,5,3.0,10:1:1,0.5978079596962282,0.2513117751591757,0.11824027412444812,2,275,0.8381235472770711,-0.006087839627288619
19,256,3,5,3.0,10:1:1,0.6386484169225763,0.228450720879711,-0.0228811979596135,2,264,0.8317769519673884,0.703730365799914
