seed,ARI_Geo_URF,ARI_Geo_OURF,dataset,d
0,0.9654986058002953,0.9949958125176231,subspace_gaussian,64
0,0.00999488391265891,0.4759057901492385,subspace_gaussian_rotated,64
0,0.7744464644932246,0.8911855025873683,subspace_gaussian,256
0,0.01834545267040519,0.2176010127571292,subspace_gaussian_rotated,256
0,0.4098191784284241,0.15374438650021546,swiss_roll_highdim,64
1,0.9310382563624404,1.0,subspace_gaussian,64
1,0.007995444177603775,0.16942251610382913,subspace_gaussian_rotated,64
1,0.9412195174231128,0.9850377307840942,subspace_gaussian,256
1,0.0027810039564598365,0.5864822056787813,subspace_gaussian_rotated,256
1,0.3743380207553247,0.1442266467056135,swiss_roll_highdim,64
2,0.8984668038403352,0.9463606273698019,subspace_gaussian,64
2,0.008611635490483735,0.47194250951714245,subspace_gaussian_rotated,64
2,0.9166830518234739,1.0,subspace_gaussian,256
2,0.003166064802030059,0.5099039069063139,subspace_gaussian_rotated,256
2,0.3549709545368669,0.20513968238710664,swiss_roll_highdim,64
3,0.9800710428333415,1.0,subspace_gaussian,64
3,0.007843825140887281,0.2506867863393334,subspace_gaussian_rotated,64
3,0.9700157814981953,0.9949958125176231,subspace_gaussian,256
3,0.003596821660008899,0.4882067969165458,subspace_gaussian_rotated,256
3,0.4693512029096881,0.3050744669328926,swiss_roll_highdim,64
4,1.0,1.0,subspace_gaussian,64
4,0.03323243714338563,0.47855441603313675,subspace_gaussian_rotated,64
4,0.5275513013932654,1.0,subspace_gaussian,256
4,0.023771200405320162,0.3346390747484597,subspace_gaussian_rotated,256
4,0.3956931124746958,0.15928287615352305,swiss_roll_highdim,64
5,0.9703515041329707,0.9850379826540705,subspace_gaussian,64
5,0.012434954068091215,0.4529201734621835,subspace_gaussian_rotated,64
5,0.8980880426973714,0.9949958125176231,subspace_gaussian,256
5,0.012719463399701914,0.24323434861930399,subspace_gaussian_rotated,256
5,0.417576149661791,0.36723716006954205,swiss_roll_highdim,64
6,1.0,0.9949958125176231,subspace_gaussian,64
6,0.07808844367834424,0.23373208294371328,subspace_gaussian_rotated,64
6,0.7422036983444132,0.9752307329900339,subspace_gaussian,256
6,0.00235800407783331,0.3660448630216976,subspace_gaussian_rotated,256
6,0.32916218827320093,0.13172994290593357,swiss_roll_highdim,64
7,0.9655044126264666,0.9949958125176231,subspace_gaussian,64
7,0.09987515667647295,0.46023602072864395,subspace_gaussian_rotated,64
7,0.9850631913879141,1.0,subspace_gaussian,256
7,0.0028775686518075134,0.404116610430931,subspace_gaussian_rotated,256
7,0.33948678149670036,0.3071512833073781,swiss_roll_highdim,64
8,0.9137620603015075,0.9558801782834457,subspace_gaussian,64
8,0.024951208686121096,0.36271700641334154,subspace_gaussian_rotated,64
8,0.9900041668585104,1.0,subspace_gaussian,256
8,0.023154600337779215,0.4446620960243194,subspace_gaussian_rotated,256
8,0.3866942414777667,0.2201468496288238,swiss_roll_highdim,64
9,0.9801350059845216,0.9801350059845216,subspace_gaussian,64
9,0.045585323425132385,0.6748487773707594,subspace_gaussian_rotated,64
9,0.9800838361096267,0.9558742377435608,subspace_gaussian,256
9,0.005621514341142386,0.22873308578201423,subspace_gaussian_rotated,256
9,0.38561768685278225,0.2719197024021122,swiss_roll_highdim,64
10,0.9900168347249766,0.9949958125176231,subspace_gaussian,64
10,0.0297869416481191,0.6076985224227726,subspace_gaussian_rotated,64
10,0.9949958125176231,1.0,subspace_gaussian,256
10,0.004371371485611887,0.33853455266194143,subspace_gaussian_rotated,256
10,0.301535042759513,0.2769430288309337,swiss_roll_highdim,64
11,0.9322339689070559,0.9949958125176231,subspace_gaussian,64
11,0.005408302045211657,0.3769896629126098,subspace_gaussian_rotated,64
11,0.9023856848073916,1.0,subspace_gaussian,256
11,0.009803624822981492,0.35225231113214617,subspace_gaussian_rotated,256
11,0.33968214150115744,0.29036380788437793,swiss_roll_highdim,64
12,0.8830426148325154,0.9949958125176231,subspace_gaussian,64
12,0.021577145701389,0.4309050853658917,subspace_gaussian_rotated,64
12,0.9702010041539502,0.9949958125176231,subspace_gaussian,256
12,0.0066806028980944095,0.24426590370874285,subspace_gaussian_rotated,256
12,0.3198211396094506,0.2798720946658544,swiss_roll_highdim,64
13,0.8921768239533081,0.9701394268357972,subspace_gaussian,64
13,0.021808170750296785,0.5880683500952775,subspace_gaussian_rotated,64
13,0.6899843698296642,0.9215238637855262,subspace_gaussian,256
13,0.002457903343963253,0.30158462119899615,subspace_gaussian_rotated,256
13,0.2817636324641144,0.174960521778205,swiss_roll_highdim,64
14,0.931628428809657,0.9800336694499532,subspace_gaussian,64
14,0.021673067619051405,0.3130186108316861,subspace_gaussian_rotated,64
14,0.9459641058973232,1.0,subspace_gaussian,256
14,0.0167227032629799,0.18266939440924068,subspace_gaussian_rotated,256
14,0.3808679363082504,0.15030924270828686,swiss_roll_highdim,64
15,0.8887088052031131,1.0,subspace_gaussian,64
15,0.008496713320804497,0.39521054065951444,subspace_gaussian_rotated,64
15,1.0,1.0,subspace_gaussian,256
15,0.012323413979600005,0.3993624398274989,subspace_gaussian_rotated,256
15,0.3406936309392404,0.2392750828905106,swiss_roll_highdim,64
16,0.9214416558359741,0.9801336683417086,subspace_gaussian,64
16,0.03475414834570329,0.3767385338906857,subspace_gaussian_rotated,64
16,0.9275709706498094,0.9949958125176231,subspace_gaussian,256
16,0.0035450134743801485,0.32344869812332466,subspace_gaussian_rotated,256
16,0.4101438507655129,0.25518602559604336,swiss_roll_highdim,64
17,0.9313586012755684,1.0,subspace_gaussian,64
17,0.04126890600379114,0.26586863004890804,subspace_gaussian_rotated,64
17,0.49577315976325886,0.8740771012652576,subspace_gaussian,256
17,0.013649476240130238,0.3925962997524069,subspace_gaussian_rotated,256
17,0.4506468345637847,0.18013384798022866,swiss_roll_highdim,64
18,0.48037008208422494,0.9800838361096267,subspace_gaussian,64
18,0.019358235936392913,0.04662468619144598,subspace_gaussian_rotated,64
18,0.9900168347249766,0.9949958125176231,subspace_gaussian,256
18,0.023520922231937115,0.4671701655091264,subspace_gaussian_rotated,256
18,0.3306627682564455,0.3877957631323887,swiss_roll_highdim,64
19,0.5752628624473187,0.9849878166277639,subspace_gaussian,64
19,0.000660124386094341,0.2321381180106828,subspace_gaussian_rotated,64
19,0.9800218844810689,0.9702640879067905,subspace_gaussian,256
19,0.010087237530896492,0.4720605865382948,subspace_gaussian_rotated,256
19,0.38656029156171395,0.31517237461201186,swiss_roll_highdim,64
