seed,d,auc_S,ari_gf_avg,ari_gf_comp,ari_gf_best,ari_geo_mle,q_geo_mle,rpos_mds,pos_share,ari_kw,forest
0,8,0.9675767535594639,0.9463516007032862,0.5120015450001066,0.9463516007032862,0.9555665641659932,2,226,0.9171628539825426,0.9172333628178531,axis
1,8,0.9640164890424343,0.476526648963409,0.476526648963409,0.476526648963409,0.881255516552862,2,249,0.9227602573547726,0.8886950659678741,axis
2,8,0.9840457665410385,0.9316435555495274,0.9316435555495274,0.9316435555495274,0.931631880598157,2,231,0.9121128751367096,0.9900168347249766,axis
3,8,0.9948692073562255,1.0,1.0,1.0,1.0,2,281,0.948678207264632,1.0,axis
4,8,0.9893286910245672,0.9850631913879141,1.0,1.0,0.9271550271194982,2,261,0.9390859018351625,0.9850379826540705,axis
5,8,0.9976478211892797,1.0,1.0,1.0,0.9900168347249766,2,316,0.9654844065440162,1.0,axis
6,8,0.9856840394332774,0.5455267463948542,0.9850377307840942,0.9850377307840942,0.9949958125176231,2,281,0.9444106775518656,0.9752324006948598,axis
7,8,0.7847862107063094,0.46877930406417645,0.46742701613361204,0.46877930406417645,0.45515731004410365,2,287,0.9301469708118087,0.47527580837140154,axis
8,8,0.9576995746091569,0.5630675142024528,0.6057589586319465,0.6057589586319465,1.0,2,313,0.9747794758102435,0.8146298831481311,axis
9,8,0.9775094877861532,0.49387999727922965,0.8697696077381529,0.8697696077381529,0.9258761372723414,2,206,0.9016277529078002,0.8320139783802215,axis
10,8,0.9659160065605806,0.5642306375525471,0.5457996815525998,0.5642306375525471,0.9703554963908735,2,283,0.9455490143444374,0.9264004081544753,axis
11,8,0.8230131580122836,0.539159548931366,0.5297594309258089,0.539159548931366,0.6695084565196197,2,304,0.9711372626903996,0.7451447606978626,axis
12,8,0.8929757484645451,0.5255097058758419,0.5630917648464224,0.5630917648464224,1.0,2,264,0.9302106178088878,0.9602559656586331,axis
13,8,0.8371144468872138,0.5493310217486657,0.5155016327732072,0.5493310217486657,0.8459530287204076,2,309,0.9688937433297555,0.9029776801914808,axis
14,8,0.9875248093941931,0.9900168347249766,0.9900168347249766,0.9900168347249766,0.9900168347249766,2,319,0.9626043226920533,0.7794871962272419,axis
15,8,0.9271854334170855,0.7462638920326534,0.4894693029803892,0.7462638920326534,0.7536988678201525,2,210,0.9177382489683028,0.809349718657863,axis
16,8,0.8234711069235063,0.5261277548989752,0.5261277548989752,0.5261277548989752,0.5156536299550226,2,217,0.9191325296988468,0.8188021482832574,axis
17,8,0.9569290315466221,0.5138872542652171,0.5332596779156978,0.5332596779156978,0.9361519021601671,2,311,0.951770459970876,0.8985180455040861,axis
18,8,0.9068340363623674,0.7160182573696332,0.7160182573696332,0.7160182573696332,0.7162718586343098,2,312,0.9527251453804287,0.90348924284181,axis
19,8,0.9745882102875488,0.9653746489576137,0.9653746489576137,0.9653746489576137,0.9653746489576137,2,268,0.9647436742251094,0.9949958125176231,axis
0,16,0.924824411292574,0.5657388988062614,0.5657388988062614,0.5657388988062614,1.0,2,241,0.9252281074250832,0.7460860725878821,axis
1,16,0.9967947012841988,0.9949958125176231,0.9949958125176231,0.9949958125176231,0.9900168347249766,2,246,0.9063133547429195,0.6252579041374053,axis
2,16,0.9815097402289225,0.5524045349972945,0.5524045349972945,0.5524045349972945,0.9552199336129339,2,390,0.9662406695190221,0.7577473364692399,axis
3,16,0.9975647405778895,1.0,1.0,1.0,0.9900168347249766,2,216,0.9020149378419504,0.6759471230482642,axis
4,16,0.9757239128978225,0.5675431087889848,0.9023877126722981,0.9023877126722981,0.897707082642059,2,253,0.9008792556462224,0.6316555964057323,axis
5,16,0.9097467925041876,0.5125936476720885,0.5117183549693782,0.5125936476720885,0.7307194928497692,2,216,0.8940420048534741,0.4107367235774953,axis
6,16,0.9663883795365718,0.538096471851211,0.538096471851211,0.538096471851211,0.8548429098136325,2,371,0.9552201369217926,0.41189418741127604,axis
7,16,0.9497644673366834,0.5196265148183139,0.8135676510286732,0.8135676510286732,0.8514391539577661,2,258,0.9120274002189666,0.2196422432096332,axis
8,16,0.9921399008235623,0.5681635479167226,0.9275782855761093,0.9275782855761093,0.9416089569848061,2,250,0.9026793350230463,0.5884998996432999,axis
9,16,0.9046153208403127,0.551530309517485,0.5432477932070068,0.551530309517485,0.8966366815789113,2,272,0.9250973869101569,0.46428003878747737,axis
10,16,0.988621375837521,0.9216551866624215,0.8367107866532838,0.9216551866624215,0.9554153193820611,2,265,0.8796228339031741,0.6862233899827851,axis
11,16,0.8426176578029034,0.4788394330007454,0.4788394330007454,0.4788394330007454,0.4561990202811956,2,301,0.9408157723626014,0.6415948203574585,axis
12,16,0.8717560898241206,0.5361840512397898,0.7695931204498516,0.7695931204498516,0.9044462613925925,2,323,0.924798612499693,0.05364668095325721,axis
13,16,0.9874356057370184,0.5633044955116112,0.5633044955116112,0.5633044955116112,0.9800213800234151,2,389,0.975126813848033,0.569612771323124,axis
14,16,0.9694191138330541,0.5644946694107392,0.5286270507186144,0.5644946694107392,0.9508535586446359,2,242,0.9076773949414778,0.8207610236059238,axis
15,16,0.9808477963428254,0.5348946739235075,0.5428307847513429,0.5428307847513429,0.9406470441429636,2,361,0.9438715414907285,0.6790141027859763,axis
16,16,0.8896287182439978,0.4948984747810011,0.4948984747810011,0.4948984747810011,0.4948984747810011,2,234,0.9368257685986103,0.4562489558882887,axis
17,16,0.999241351619207,0.9949958125176231,0.9949958125176231,0.9949958125176231,0.9750814945772904,2,216,0.8866183605281028,0.6927743311300649,axis
18,16,0.9756424622417644,0.5126613371667604,0.5126613371667604,0.5126613371667604,0.729102068159438,2,246,0.8768088168942919,0.6233587297214626,axis
19,16,0.9683533124651034,0.8036139126997142,0.7868960125751457,0.8036139126997142,0.7989026319447545,2,260,0.873339185574039,0.48677972091309796,axis
0,32,0.9936985829145729,0.5700020357215562,0.9510899768558299,0.9510899768558299,0.9462176264877359,2,338,0.9426204511892953,0.02300330957932052,axis
1,32,0.9930778956588499,0.5700020357215562,0.9850631913879141,0.9850631913879141,0.9850631913879141,2,445,0.9807216667984032,0.17276249956420991,axis
2,32,0.9661896529173647,0.5700020357215562,0.5700020357215562,0.5700020357215562,0.9949958125176231,2,392,0.973368121703287,0.2722277805741209,axis
3,32,0.9789555573701842,0.5657388988062614,1.0,1.0,1.0,2,408,0.9837235923710069,0.3120162652072749,axis
4,32,0.9297690343383584,0.5456044343001357,0.5471745583258484,0.5471745583258484,0.6641713173547671,2,279,0.9011823156441472,0.11685520696121557,axis
5,32,0.9890348056253488,0.5613899508464827,0.5613899508464827,0.5613899508464827,0.9501617736863835,2,297,0.9207193354639511,0.04607761572411655,axis
6,32,0.9836704570770519,0.9369466678944366,0.9369466678944366,0.9369466678944366,0.9223236728503077,2,353,0.9305633349189119,0.01035491535898767,axis
7,32,0.9791363521077611,0.5426752571940174,0.5403685052192088,0.5426752571940174,0.9751548572366224,2,308,0.9294407727766499,0.05279826048784554,axis
8,32,0.9766363385678392,0.553935875284397,0.9655044126264666,0.9655044126264666,0.9655044126264666,2,312,0.9316478999518842,0.3011604604092532,axis
9,32,0.926871329355109,0.5675646245924233,0.5330336066967395,0.5675646245924233,0.7791613296298497,2,284,0.9046961175154751,0.21818647282770612,axis
10,32,0.9975155783780012,0.9949958125176231,0.9900166666666667,0.9949958125176231,0.9900168347249766,2,304,0.9293777998933783,0.2771048282921236,axis
11,32,0.9446799706867671,0.8363564858179023,0.8363564858179023,0.8363564858179023,0.8221050173463341,2,221,0.8951411059755287,0.08063709893260275,axis
12,32,0.9989574458403127,0.9801350059845216,0.9702392553849876,0.9801350059845216,0.9751809851776744,2,341,0.9353969303807407,-0.0013826275290575228,axis
13,32,0.9551796521496372,0.5539918414160053,0.5539918414160053,0.5539918414160053,0.921480301587179,2,397,0.9645960147137407,0.10224293538537435,axis
14,32,0.9893230083752094,0.946344377182352,0.900199789201762,0.946344377182352,0.9322419522513868,2,303,0.8893062670349566,0.020151104431725613,axis
15,32,0.9671913588079285,0.5683179812210228,1.0,1.0,1.0,2,306,0.9338750522054545,0.119621410305422,axis
16,32,0.9769899899497487,0.5445455198233748,0.9454652500804764,0.9454652500804764,0.9701016774445981,2,431,0.9745163246480555,0.06941648952388421,axis
17,32,0.9095401252791737,0.49023928415999374,0.4845689738131007,0.49023928415999374,0.8090513180376689,2,380,0.9267214473698744,0.02682846417787684,axis
18,32,0.8710593733947515,0.524549525470973,0.524549525470973,0.524549525470973,0.47495474905965535,2,244,0.9090871820237194,-0.0009112592618950657,axis
19,32,0.9858089180625349,0.9606792676277478,0.9091010490277982,0.9606792676277478,0.9074551298579043,2,272,0.8885611035083572,0.0712059808164655,axis
0,64,0.966232704355109,0.5476333381640415,0.5423445950979277,0.5476333381640415,0.9654986058002953,2,422,0.9647405868220107,0.1338494168618478,axis
1,64,0.9923084510050251,0.9459850950784455,0.9364537907505186,0.9459850950784455,0.9215551906437895,2,229,0.8566413314031692,0.07007067036631537,axis
2,64,0.97057911313512,0.5562534638965428,0.9275855990250251,0.9275855990250251,0.8984668038403352,2,276,0.8948140141537402,0.0008700095018832323,axis
3,64,0.9719122319235064,0.5633044955116112,0.5572248183986606,0.5633044955116112,0.9800710428333415,2,303,0.9197355864506613,0.022295137005807153,axis
4,64,0.9993659430485762,1.0,1.0,1.0,0.9949958125176231,2,237,0.8759751958993197,0.007871395631645496,axis
5,64,0.9600060796342826,0.5633354692424153,0.549365884426905,0.5633354692424153,0.9276391858839698,2,455,0.9644488768073718,0.04915910770990819,axis
6,64,0.9379436280709101,0.5700020357215562,0.5700020357215562,0.5700020357215562,1.0,2,381,0.9615581155450199,0.18193541951707845,axis
7,64,0.9699805302205471,0.5694176441827719,0.9557020427259341,0.9557020427259341,0.9606746348061671,2,318,0.9307084849550082,0.05139113191086873,axis
8,64,0.9152458497347851,0.5426752571940174,0.5426752571940174,0.5426752571940174,0.836847593714447,2,305,0.9036247940248049,0.058269351359298165,axis
9,64,0.9336467151730876,0.5609533561590856,0.5585926558374147,0.5609533561590856,0.9501995969630819,2,407,0.9738676314006972,0.13044531774668167,axis
10,64,0.9990101832774986,0.9949958125176231,0.9949958125176231,0.9949958125176231,0.9900168347249766,2,422,0.9642030861395199,0.004227114173139527,axis
11,64,0.9853362226409826,0.9183429379737271,0.9183429379737271,0.9183429379737271,0.9322339689070559,2,330,0.9036949487085415,0.19529648511792647,axis
12,64,0.8455597973897264,0.5607991300310581,0.5575682554787817,0.5607991300310581,0.5284050449851498,2,330,0.9606726730196785,0.01032901676024685,axis
13,64,0.9726569877861531,0.5326858980937463,0.5327612421469672,0.5327612421469672,0.916279671179865,2,375,0.9301672634714836,0.033338655992460386,axis
14,64,0.9667622225013959,0.5279078152661261,0.532431140134549,0.532431140134549,0.9362264390577941,2,454,0.9765846524743534,0.027545984149578196,axis
15,64,0.8938227116136237,0.553935875284397,0.549365884426905,0.553935875284397,0.8819617259349122,2,370,0.9505403122631473,0.14750249307178606,axis
16,64,0.9682909290201007,0.5433699259847926,0.9213337504551148,0.9213337504551148,0.9214047210606255,2,292,0.9236745915019029,0.0017446862252224714,axis
17,64,0.9869814748743718,0.5548369109585964,0.5231180975128039,0.5548369109585964,0.9360273902937429,2,290,0.89785536886937,0.052602705643575914,axis
18,64,0.8963730891261865,0.5530589836772403,0.5220400604961543,0.5530589836772403,0.42787213118957795,2,245,0.9358268077479669,0.046381464432151256,axis
19,64,0.8468247328308208,0.5657388988062614,0.5585926558374147,0.5657388988062614,0.5198672453534519,2,346,0.9613709933135761,0.006945581610131111,axis
0,128,0.796622608877722,0.5562534638965428,0.5562534638965428,0.5562534638965428,0.472788834669066,2,373,0.9786964903113646,0.05735843305795225,axis
1,128,0.8667659732691234,0.5298946761065219,0.5298946761065219,0.5298946761065219,0.8106526332515801,2,335,0.9364059679373573,0.12814406224130603,axis
2,128,0.8202028622278059,0.5469228602254097,0.5409293974222256,0.5469228602254097,0.48676263165453393,2,400,0.9711546079853828,0.04350729543362238,axis
3,128,0.9816036296761586,0.9369084596940963,0.9269145587282973,0.9369084596940963,0.9118458945381038,2,248,0.8783266167012739,0.0288180602489882,axis
4,128,0.9200075896845338,0.545925868975994,0.46713702566620213,0.545925868975994,0.47574659578428186,2,291,0.9159940760739586,0.0761304509902373,axis
5,128,0.8897667558626465,0.5681635479167226,0.5687700075425739,0.5687700075425739,0.9900041668585104,2,359,0.9489821342560308,0.055726178569902654,axis
6,128,0.9848057682858739,0.5547842373499872,0.5545077674607357,0.5547842373499872,0.9360346102756177,2,366,0.939438334599392,0.14572170867536605,axis
7,128,0.9955894044528196,0.5681635479167226,0.9800710428333415,0.9800710428333415,0.970188086101229,2,290,0.9139854745297825,0.009549048397307388,axis
8,128,0.8326217516750419,0.5700020357215562,0.5700020357215562,0.5700020357215562,0.5037510515823255,2,396,0.9811657842580374,0.01668971592649594,axis
9,128,0.9646121407035174,0.8695044133355821,0.8421368016435005,0.8695044133355821,0.8317737894873556,2,345,0.8969437457335123,0.049963980303251915,axis
10,128,0.8280923617392517,0.4135400106119705,0.4135400106119705,0.4135400106119705,0.7100539477051206,2,367,0.9590698915307945,0.03474259372811912,axis
11,128,0.9137734685929649,0.5700020357215562,0.5668429457653024,0.5700020357215562,1.0,2,477,0.9793116760871253,0.19229278092901722,axis
12,128,0.9715502987158012,0.5585304152956858,0.9702891709199438,0.9702891709199438,0.9800213800234151,2,300,0.9459114808050211,0.13130214904558524,axis
13,128,0.870891196887214,0.5457470949177347,0.5540784533508697,0.5540784533508697,0.8527758840865548,2,452,0.9717910880806369,0.011202573969755323,axis
14,128,0.9977372063093244,0.9652719836891507,0.9366533598302227,0.9652719836891507,0.9751552754716795,2,426,0.9556328428670137,0.08037165379895078,axis
15,128,0.9701211088079286,0.5578075204671176,0.5578075204671176,0.5578075204671176,0.9651255925969959,2,479,0.983521226200739,0.06984377902853389,axis
16,128,0.9275125552065885,0.5057869781266568,0.931628428809657,0.931628428809657,0.9850377307840942,2,450,0.9720622820784053,0.04650349240016387,axis
17,128,0.972373749860413,0.5202625291537577,0.940849181420389,0.940849181420389,0.8707834967701257,2,294,0.907405822753452,0.0003419300355254144,axis
18,128,0.8384874194584031,0.4725120483503404,0.4725120483503404,0.4725120483503404,0.7101002579690899,2,352,0.9099003179244894,0.08735344227841389,axis
19,128,0.8756153969151311,0.5100853798487529,0.44409715694962254,0.5100853798487529,0.8824204068990413,2,362,0.9238939304012455,0.0005809333973181458,axis
0,256,0.8750601821608041,0.5585926558374147,0.5433264762300106,0.5585926558374147,0.818704126504989,2,295,0.9087723672039422,0.003681027465182763,axis
1,256,0.9673011334450028,0.5302208578896643,0.5070114701481586,0.5302208578896643,0.9032342974330942,2,293,0.8848103781343929,0.03593079843550598,axis
2,256,0.983197044109436,0.5426752571940174,0.5379444336956719,0.5426752571940174,0.9166830518234739,2,435,0.9697154883587633,0.014613142166808039,axis
3,256,0.9654971756002235,0.5609533561590856,0.950525005824116,0.950525005824116,0.9505990055946216,2,372,0.9397156328022437,0.047697781681547646,axis
4,256,0.8689162103573422,0.554611124892955,0.5446120860264345,0.554611124892955,0.5292491078569542,2,300,0.9361509264260188,0.006722145135629605,axis
5,256,0.8439983661362369,0.5609533561590856,0.5633354692424153,0.5633354692424153,0.48435340989557796,2,332,0.9448947875234851,0.062388732877778054,axis
6,256,0.8509297499302065,0.5323517826190693,0.5139899859255733,0.5323517826190693,0.7480807073938662,2,402,0.957637094369884,0.0964417648382945,axis
7,256,0.9948158567141261,0.5688562556972693,0.9850631913879141,0.9850631913879141,0.9850631913879141,2,429,0.9577308895467713,0.06101957389222645,axis
8,256,0.9732218433137911,0.5681635479167226,0.5593800811215789,0.5681635479167226,0.9750671701422782,2,292,0.9210312501412341,0.12075257732857483,axis
9,256,0.8398771710636517,0.5536962186193903,0.5515065709966654,0.5536962186193903,0.49371474266973703,2,410,0.9733663513552333,0.005763365484848415,axis
10,256,0.9992629329983249,1.0,0.9556968235469057,1.0,1.0,2,344,0.9173741288022017,0.08475213648516967,axis
11,256,0.9677063480597432,0.5530805912102396,0.5371169119510601,0.5530805912102396,0.9118696246766365,2,370,0.9244693458563882,0.003538124768240439,axis
12,256,0.9851267795226131,0.5638880458413191,0.5675431087889848,0.5675431087889848,0.9701640069788814,2,489,0.972469176312377,0.037168380993755114,axis
13,256,0.8352775143076493,0.5085075414282142,0.5025439283412636,0.5085075414282142,0.6578044292270292,2,348,0.9264001997579727,-0.0012241851342375825,axis
14,256,0.9755241940954773,0.5700020357215562,0.9655009287653467,0.9655009287653467,0.9410468433754614,2,420,0.954665734728796,-0.0023166344092976233,axis
15,256,0.9879982492322725,0.5700020357215562,0.9949958125176231,0.9949958125176231,1.0,2,469,0.9785119812932453,-0.0020629464980960553,axis
16,256,0.914810162479062,0.518223310247274,0.4845807146559844,0.518223310247274,0.8745768683650731,2,301,0.905639603798355,0.019962274488689324,axis
17,256,0.8557178418481296,0.5532113661230612,0.5532113661230612,0.5532113661230612,0.49577315976325886,2,320,0.9434140886251159,0.03852233608354565,axis
18,256,0.9917082290619764,0.9949958125176231,0.9850631913879141,0.9949958125176231,0.9602118276627619,2,304,0.8992384581615073,0.0028384549161946187,axis
19,256,0.8939820160524846,0.5547293342714595,0.5547293342714595,0.5547293342714595,0.9701257541644399,2,450,0.9666371560538651,0.012461206362022418,axis
0,512,0.9399953635538806,0.5426719292049984,0.8566141621645863,0.8566141621645863,0.8267873113713249,2,381,0.9158828612921572,0.11737227194540886,axis
1,512,0.8506954455611391,0.4962678648727134,0.4962678648727134,0.4962678648727134,0.6725455420251547,2,384,0.9170828012693895,0.005051375491537258,axis
2,512,0.9909789083612507,0.5609533561590856,0.5609533561590856,0.5609533561590856,0.9850377307840942,2,355,0.9266998931710558,0.012384274704579163,axis
3,512,0.969386291876047,0.536832735728763,0.9263966927069157,0.9263966927069157,0.9223175526549807,2,303,0.8909537778363807,0.01611902603596069,axis
4,512,0.9975379152707985,0.9900168347249766,0.9900168347249766,0.9900168347249766,0.9801350059845216,2,338,0.907206793751169,0.012611677761045218,axis
5,512,0.9623153357063092,0.5681635479167226,0.5669455621071263,0.5681635479167226,0.9702392553849876,2,453,0.9613388825992824,0.01002207843761065,axis
6,512,0.9926835344081517,0.9507486745927392,0.9317434737524088,0.9507486745927392,0.9077042742017216,2,299,0.8863571270944031,0.062651285973903,axis
7,512,0.9720384872975991,0.9409657668719568,0.9362350262485184,0.9409657668719568,0.9411712587126669,2,313,0.9321826769289211,0.027102198178338404,axis
8,512,0.9963444701982133,0.5675646245924233,0.9949958125176231,0.9949958125176231,0.9900168347249766,2,250,0.8741228410285697,0.08125578995576009,axis
9,512,0.8980483322864321,0.3469696382837722,0.364999759480455,0.364999759480455,0.5764103688493442,2,305,0.8489075326143856,0.006076487083526757,axis
10,512,0.9883288093243998,0.5346535402945151,0.8809633754459638,0.8809633754459638,0.9255977662824253,2,358,0.9228933909191066,0.009397169962503674,axis
11,512,0.9884492063093244,0.5562534638965428,0.5555677566022035,0.5562534638965428,0.9703510050251256,2,297,0.9067777145043733,-0.0006978668967475631,axis
12,512,0.9851516286990509,0.5590394549613249,0.9653746489576137,0.9653746489576137,0.9700535288680806,2,310,0.9088020207213058,0.0016894608100559085,axis
13,512,0.9235529390005583,0.40328519963011666,0.9510899768558299,0.9510899768558299,0.49806863665624046,2,353,0.9112921921737343,0.0273927664858147,axis
14,512,0.9129457910385259,0.5415736050678961,0.49308366874999293,0.5415736050678961,0.7889546059073131,2,270,0.8934121945865982,0.017798489090580034,axis
15,512,0.946258522403685,0.7344304001000772,0.4811176417594085,0.7344304001000772,0.7344304001000772,2,267,0.868987314744395,0.018462788891553276,axis
16,512,0.9428135010469011,0.5590228506273608,0.5546753110168592,0.5590228506273608,0.955539610754077,2,327,0.9162246899173917,0.03716664808214104,axis
17,512,0.9280897994137354,0.5374573876708981,0.806510093738557,0.806510093738557,0.7736398119095781,2,286,0.914089452001532,-0.001127718723195846,axis
18,512,0.9029408778615298,0.5043121731885597,0.4813507654700487,0.5043121731885597,0.8050946777411483,2,422,0.9274966286208329,0.02332726441673431,axis
19,512,0.8799449690815186,0.5681635479167226,0.5516399842685148,0.5681635479167226,1.0,2,453,0.965316227544307,-0.0002942045979342871,axis
0,1024,0.8782014811557788,0.5620584422716722,0.5471926536039979,0.5620584422716722,0.9115442401876827,2,482,0.9633927695279667,0.0011704030408574769,axis
1,1024,0.9452272650055835,0.527704213937997,0.8319010279802316,0.8319010279802316,0.7996538643160744,2,330,0.896057458957919,0.009318576456260845,axis
2,1024,0.8846281339335567,0.5614448623030797,0.5553800115606167,0.5614448623030797,0.9555545840966823,2,382,0.9348950788553504,0.01175994588538249,axis
3,1024,0.9964485101898379,0.9751797317603417,0.9751797317603417,0.9751797317603417,0.9800961264798698,2,287,0.8842486301162416,-0.0012902884526112103,axis
4,1024,0.9859199516331658,0.5658195914640884,0.5512322064840269,0.5658195914640884,0.9123835553496412,2,349,0.9114399732765412,0.048878443796486794,axis
5,1024,0.9786879866694583,0.5622065930007689,0.5585304152956858,0.5622065930007689,0.8802864961094086,2,370,0.9315150031761021,0.04705442822093487,axis
6,1024,0.984147046970966,0.5694176441827719,0.5694176441827719,0.5694176441827719,0.9850379826540705,2,404,0.9323315286108972,-0.0018817487985679751,axis
7,1024,0.9939710801228363,1.0,1.0,1.0,0.9752324006948598,2,311,0.919984899234278,0.052910502621913894,axis
8,1024,0.9345475219849246,0.5068014729374221,0.5068014729374221,0.5068014729374221,0.891490968526122,2,376,0.9373318473667442,0.03858128780501213,axis
9,1024,0.8131899461892798,0.5589412712932423,0.4995826166247374,0.5589412712932423,0.5589412712932423,2,346,0.9605923179359516,0.03514176780271132,axis
10,1024,0.9457572705890563,0.5560947748114418,0.5571172617282465,0.5571172617282465,0.849142004609706,2,304,0.8967474764824926,0.008185087498064094,axis
11,1024,0.810186708612507,0.512094885284425,0.5657388988062614,0.5657388988062614,0.6135774602674896,2,358,0.968919832558231,0.0028687107584261977,axis
12,1024,0.883845841568956,0.5639070059544662,0.5608866805717819,0.5639070059544662,0.9801336683417086,2,493,0.9790450938004481,3.2655947633372805e-05,axis
13,1024,0.9477434884840872,0.5700020357215562,0.5687700075425739,0.5700020357215562,0.8564898036738968,2,528,0.9842566266363986,-0.0004712975605553429,axis
14,1024,0.9841257268285873,0.9174476001675744,0.9077210336496266,0.9174476001675744,0.9369020871583015,2,260,0.8640152478662619,0.0371594906550139,axis
15,1024,0.8673788616694584,0.5511474793553178,0.5498883938707675,0.5511474793553178,0.7794459834477723,2,460,0.9694496330554497,0.030845943550332447,axis
16,1024,0.9716594688721385,0.5179307461254191,0.5179307461254191,0.5179307461254191,1.0,2,315,0.9338748732910137,0.008337671080704783,axis
17,1024,0.8931739390703518,0.5609533561590856,0.5609533561590856,0.5609533561590856,0.9900168347249766,2,357,0.9469289556422388,0.03957473962556213,axis
18,1024,0.9703974745254048,0.5475432510607738,0.9454470572723752,0.9454470572723752,0.9263511705581292,2,408,0.9242491105188344,0.05493941051024269,axis
19,1024,0.9018554089195979,0.558413106580317,0.558413106580317,0.558413106580317,0.9652846715059487,2,496,0.9799621772173172,0.018246710892120446,axis
0,2048,0.9661677292015634,0.5620584422716722,0.43184135774636895,0.5620584422716722,0.8637659861089242,2,273,0.8775408523660962,0.0046966328209705754,axis
1,2048,0.820646230318258,0.5609533561590856,0.5657033546551961,0.5657033546551961,0.4826155790787345,2,406,0.9699667891005556,0.03377498290064706,axis
2,2048,0.9449411196259073,0.5427567591928202,0.5596435529094627,0.5596435529094627,0.517446477703844,2,352,0.9332642472138234,0.00683572764760037,axis
3,2048,0.9188350353852597,0.5501977488957768,0.5562534638965428,0.5562534638965428,0.8475793516267053,2,455,0.945599005148889,0.01655175121019722,axis
4,2048,0.8830013602735901,0.5662847099540135,0.5662847099540135,0.5662847099540135,0.8914671930395948,2,430,0.9598335736739569,0.007696559545270926,axis
5,2048,0.9529905644193188,0.5152332556086181,0.5186482003474472,0.5186482003474472,0.9026112668297798,2,442,0.959623922032472,0.015047575867403651,axis
6,2048,0.9861794126186487,0.5657388988062614,0.5657388988062614,0.5657388988062614,0.9606792676277478,2,533,0.9820234608384762,0.02045197551737705,axis
7,2048,0.8583795898939142,0.5383254786528461,0.5383254786528461,0.5383254786528461,0.5383254786528461,2,409,0.9712430470696753,0.004490466074874201,axis
8,2048,0.8635623432439978,0.5609533561590856,0.553935875284397,0.5609533561590856,0.9073401667382968,2,494,0.9767111756127188,-0.000979745211310639,axis
9,2048,0.9845594175041876,0.5375631891107336,0.9654265583566767,0.9654265583566767,0.9703554963908735,2,310,0.91702850584923,0.02171127274501791,axis
10,2048,0.9960835673506421,0.9801340027693001,0.9801340027693001,0.9801340027693001,0.9308043918982631,2,284,0.8849980485847149,0.00323095823781751,axis
11,2048,0.9373926487297599,0.5482789804865831,0.5413773953553874,0.5482789804865831,0.7496663142885286,2,353,0.9144556273817671,0.0028862806465509987,axis
12,2048,0.9786769949748744,0.5700020357215562,0.5532372184015494,0.5700020357215562,0.9654265583566767,2,394,0.9396477689021688,0.03639174954437451,axis
13,2048,0.8899608159547738,0.38150972215954826,0.47892848146365674,0.47892848146365674,0.6331040857279456,2,316,0.8738143967453716,0.05960562109581157,axis
14,2048,0.8624006729480738,0.47111485523897306,0.5105996440805698,0.5105996440805698,0.6874264365016709,2,342,0.9074777737923369,0.00917579437431772,axis
15,2048,0.9800950143774427,0.5700020357215562,1.0,1.0,0.46760954828848383,2,440,0.9478787323553952,0.009484235392931015,axis
16,2048,0.9798832188023451,0.9113868786404382,0.9113868786404382,0.9113868786404382,0.9113868786404382,2,349,0.9314227777209783,0.018210182325465354,axis
17,2048,0.9363126767867114,0.5474462431175733,0.5362814636890838,0.5474462431175733,0.885521020560091,2,272,0.8786711145485521,-9.597040080898249e-06,axis
18,2048,0.8166336912339476,0.5585926558374147,0.5657033546551961,0.5657033546551961,0.5150616533985671,2,401,0.9708771568154774,0.017334073934836235,axis
19,2048,0.994822130094919,0.5681635479167226,0.9850631913879141,0.9850631913879141,0.9850001687576281,2,341,0.8989510982306516,0.01848127197483819,axis
0,8,0.9632816217197097,0.9949958125176231,1.0,1.0,1.0,2,490,0.9927508840286333,0.9172333628178531,oblique
1,8,0.9619440896147404,0.9900041668585104,0.9850125211993978,0.9900041668585104,1.0,2,517,0.9937928440894094,0.8886950659678741,oblique
2,8,0.9799727326214407,0.9949958125176231,1.0,1.0,1.0,2,487,0.9905896132911667,0.9900168347249766,oblique
3,8,0.9864418287967617,1.0,1.0,1.0,1.0,2,493,0.9918356504512366,1.0,oblique
4,8,0.9684714434673367,1.0,1.0,1.0,1.0,2,504,0.9919747137896721,0.9850379826540705,oblique
5,8,0.9836312368090452,1.0,1.0,1.0,1.0,2,497,0.9922271160955574,1.0,oblique
6,8,0.9863576665270799,1.0,1.0,1.0,1.0,2,485,0.990733599192505,0.9752324006948598,oblique
7,8,0.8039866317001676,0.6232596267061477,0.4292909175348482,0.6232596267061477,0.7020750535719776,2,570,0.9988401613683855,0.47527580837140154,oblique
8,8,0.9317656767169179,0.9752307329900339,0.6472624554916324,0.9752307329900339,0.8285160841222783,2,505,0.9931628349236102,0.8146298831481311,oblique
9,8,0.9486187595616974,0.9949958125176231,0.5605582786080417,0.9949958125176231,0.9949958125176231,2,506,0.9919785994422737,0.8320139783802215,oblique
10,8,0.973775121440536,0.9949958125176231,1.0,1.0,1.0,2,505,0.9930022112342444,0.9264004081544753,oblique
11,8,0.931074719639866,0.9603061316849397,0.9411943605346718,0.9603061316849397,0.9850377307840942,2,540,0.9958869467197698,0.7451447606978626,oblique
12,8,0.9739278411501955,0.9949958125176231,0.9949958125176231,0.9949958125176231,1.0,2,493,0.9915175816109391,0.9602559656586331,oblique
13,8,0.9501638409408152,0.9850377307840942,0.9850631913879141,0.9850631913879141,0.9900168347249766,2,509,0.9925976495275011,0.9029776801914808,oblique
14,8,0.9550437761725294,0.9900168347249766,0.9949958125176231,0.9949958125176231,1.0,2,510,0.993115560044522,0.7794871962272419,oblique
15,8,0.9486168350781685,0.985037604845926,0.9800845066199756,0.985037604845926,0.9900166666666667,2,532,0.9951209370251516,0.809349718657863,oblique
16,8,0.9482627659826912,0.9605813812694115,0.676390821461683,0.9605813812694115,0.9949958125176231,2,533,0.9955370436846827,0.8188021482832574,oblique
17,8,0.964651521705751,0.9949958125176231,0.9801350059845216,0.9949958125176231,1.0,2,498,0.9920098089411165,0.8985180455040861,oblique
18,8,0.9643891152289223,0.9949958125176231,0.9900168347249766,0.9949958125176231,1.0,2,490,0.9905364771679926,0.90348924284181,oblique
19,8,0.9518551395170296,0.9949958125176231,0.9949958125176231,0.9949958125176231,1.0,2,503,0.9921982846956823,0.9949958125176231,oblique
0,16,0.9931771588498045,1.0,1.0,1.0,1.0,2,562,0.9981121144517425,0.7460860725878821,oblique
1,16,0.9809971863484088,1.0,1.0,1.0,1.0,2,577,0.9989723371696297,0.6252579041374053,oblique
2,16,0.9804362423227247,1.0,1.0,1.0,1.0,2,571,0.9986448057895322,0.7577473364692399,oblique
3,16,0.9762458156058069,1.0,1.0,1.0,1.0,2,549,0.9963274293081151,0.6759471230482642,oblique
4,16,0.9761376822305974,1.0,1.0,1.0,1.0,2,573,0.9987643919833389,0.6316555964057323,oblique
5,16,0.9579144842964825,0.9850626884924543,0.9801336683417086,0.9850626884924543,0.9801350059845216,2,557,0.9970663118371879,0.4107367235774953,oblique
6,16,0.9273238880513679,0.9850626884924543,0.9801340027693001,0.9850626884924543,1.0,2,584,0.9994668243366052,0.41189418741127604,oblique
7,16,0.9712574634980458,1.0,1.0,1.0,1.0,2,582,0.9993938962691699,0.2196422432096332,oblique
8,16,0.977903200656058,0.9949958125176231,0.8128100256712292,0.9949958125176231,1.0,2,571,0.9985239768747043,0.5884998996432999,oblique
9,16,0.9710512933417085,0.9949958125176231,0.612773931883521,0.9949958125176231,0.9949958125176231,2,576,0.998904533538871,0.46428003878747737,oblique
10,16,0.9869395970128421,1.0,0.9949958125176231,1.0,1.0,2,556,0.9974749365307977,0.6862233899827851,oblique
11,16,0.9629340052345058,0.9900168347249766,0.9900168347249766,0.9900168347249766,1.0,2,562,0.997801868620455,0.6415948203574585,oblique
12,16,0.9860459848548297,1.0,1.0,1.0,1.0,2,544,0.9966862338018836,0.05364668095325721,oblique
13,16,0.9681208203517588,1.0,1.0,1.0,1.0,2,567,0.9983113238382781,0.569612771323124,oblique
14,16,0.9805876793690674,1.0,1.0,1.0,1.0,2,572,0.9989490990805007,0.8207610236059238,oblique
15,16,0.9747854542853155,0.9949958125176231,0.565475120777466,0.9949958125176231,1.0,2,557,0.9971089468013024,0.6790141027859763,oblique
16,16,0.9523182943188163,0.9900168347249766,0.9949958125176231,0.9949958125176231,0.9949958125176231,2,568,0.9981018180040534,0.4562489558882887,oblique
17,16,0.9768886191373535,0.9949958125176231,1.0,1.0,1.0,2,578,0.9989370168498886,0.6927743311300649,oblique
18,16,0.9635903850502513,0.9900168347249766,0.9655009287653467,0.9900168347249766,1.0,2,564,0.9980990845871018,0.6233587297214626,oblique
19,16,0.9639533890284757,0.9752324006948598,0.9801350059845216,0.9801350059845216,1.0,2,577,0.9989847740390319,0.48677972091309796,oblique
0,32,0.9842141163456168,1.0,1.0,1.0,1.0,2,590,0.9997290237663536,0.02300330957932052,oblique
1,32,0.993747972012842,1.0,1.0,1.0,1.0,2,588,0.999733644521559,0.17276249956420991,oblique
2,32,0.9951925190536014,1.0,1.0,1.0,1.0,2,573,0.9988845606943696,0.2722277805741209,oblique
3,32,0.9951050972920157,1.0,1.0,1.0,1.0,2,569,0.9987348584850162,0.3120162652072749,oblique
4,32,0.9844528625069794,1.0,1.0,1.0,0.9949958125176231,2,593,0.9998377618469031,0.11685520696121557,oblique
5,32,0.9937168789782244,1.0,1.0,1.0,1.0,2,562,0.9980718994832702,0.04607761572411655,oblique
6,32,0.9836918275404801,1.0,1.0,1.0,1.0,2,599,1.0,0.01035491535898767,oblique
7,32,0.9936524391401451,1.0,0.9949958125176231,1.0,1.0,2,563,0.9978508826721123,0.05279826048784554,oblique
8,32,0.9889741906058068,0.9900168347249766,0.9900166666666667,0.9900168347249766,0.9949958125176231,2,594,0.9999440177222487,0.3011604604092532,oblique
9,32,0.9899462391820213,1.0,0.9949958125176231,1.0,1.0,2,567,0.9986074569119697,0.21818647282770612,oblique
10,32,0.9952614200865438,1.0,1.0,1.0,1.0,2,570,0.9989166630189151,0.2771048282921236,oblique
11,32,0.9732569052903407,0.9949958125176231,0.9949958125176231,0.9949958125176231,1.0,2,597,0.9999819707964647,0.08063709893260275,oblique
12,32,0.9935472044249023,1.0,1.0,1.0,1.0,2,579,0.9992438422859269,-0.0013826275290575228,oblique
13,32,0.9764854614042434,0.9900166666666667,0.9703554963908735,0.9900166666666667,0.9900168347249766,2,599,0.9999999999999999,0.10224293538537435,oblique
14,32,0.9936747592825237,1.0,1.0,1.0,1.0,2,574,0.9990301364625177,0.020151104431725613,oblique
15,32,0.9957427346454496,1.0,1.0,1.0,1.0,2,581,0.9994711342580838,0.119621410305422,oblique
16,32,0.9760649427694026,0.9949958125176231,0.9850631913879141,0.9949958125176231,0.9949958125176231,2,593,0.9998459178257155,0.06941648952388421,oblique
17,32,0.9664798502233389,0.9751552754716795,0.9800218844810689,0.9800218844810689,0.9949958125176231,2,599,1.0,0.02682846417787684,oblique
18,32,0.971063033570631,0.9850125211993978,0.9849878166277639,0.9850125211993978,0.9900168347249766,2,597,0.9999802598874248,-0.0009112592618950657,oblique
19,32,0.9789022295505304,0.98997916755783,0.9949958125176231,0.9949958125176231,1.0,2,599,1.0,0.0712059808164655,oblique
0,64,0.9941741717615856,1.0,1.0,1.0,1.0,2,599,0.9999999999999997,0.1338494168618478,oblique
1,64,0.9705442531407035,0.9900042509932298,0.9850379826540705,0.9900042509932298,0.9900168347249766,2,599,1.0,0.07007067036631537,oblique
2,64,0.9865788160245672,0.9900166666666667,1.0,1.0,1.0,2,599,0.9999999999999998,0.0008700095018832323,oblique
3,64,0.9833626788805137,1.0,1.0,1.0,1.0,2,599,0.9999999999999998,0.022295137005807153,oblique
4,64,0.9841466806253489,1.0,1.0,1.0,1.0,2,599,1.0,0.007871395631645496,oblique
5,64,0.9897347386934674,0.9900168347249766,0.9900168347249766,0.9900168347249766,1.0,2,599,0.9999999999999998,0.04915910770990819,oblique
6,64,0.9978669081518705,1.0,1.0,1.0,1.0,2,589,0.9997196073538679,0.18193541951707845,oblique
7,64,0.9913671083193747,1.0,1.0,1.0,1.0,2,599,1.0,0.05139113191086873,oblique
8,64,0.9918137914572865,1.0,1.0,1.0,1.0,2,599,1.0,0.058269351359298165,oblique
9,64,0.9958963941931882,1.0,1.0,1.0,1.0,2,599,1.0,0.13044531774668167,oblique
10,64,0.9979014415829146,1.0,1.0,1.0,1.0,2,595,0.9999528038782665,0.004227114173139527,oblique
11,64,0.998679941652708,1.0,1.0,1.0,1.0,2,595,0.9999711243349158,0.19529648511792647,oblique
12,64,0.9966262110552763,1.0,1.0,1.0,1.0,2,592,0.9998958334449874,0.01032901676024685,oblique
13,64,0.9937795563232831,0.9949958125176231,0.9949958125176231,0.9949958125176231,1.0,2,599,0.9999999999999998,0.033338655992460386,oblique
14,64,0.9722026404941374,0.9850125211993978,0.9849878166277639,0.9850125211993978,0.9949958125176231,2,599,0.9999999999999997,0.027545984149578196,oblique
15,64,0.9860892580262424,0.9949958125176231,0.9949958125176231,0.9949958125176231,0.9949958125176231,2,599,0.9999999999999998,0.14750249307178606,oblique
16,64,0.9832456308626465,0.9900041668585104,0.9750802361778215,0.9900041668585104,0.9900041668585104,2,599,0.9999999999999997,0.0017446862252224714,oblique
17,64,0.9918404683835845,1.0,0.9850377307840942,1.0,0.9949958125176231,2,599,0.9999999999999997,0.052602705643575914,oblique
18,64,0.9709908322864322,0.9900168347249766,0.9900168347249766,0.9900168347249766,0.9091010490277982,2,599,1.0000000000000002,0.046381464432151256,oblique
19,64,0.9623330313372417,0.9702640879067905,0.9173625353678284,0.9702640879067905,0.9752324006948598,2,599,0.9999999999999999,0.006945581610131111,oblique
0,128,0.9734728209798995,1.0,0.9752324006948598,1.0,1.0,2,599,0.9999999999999998,0.05735843305795225,oblique
1,128,0.998047433347292,1.0,1.0,1.0,1.0,2,598,0.999987882159546,0.12814406224130603,oblique
2,128,0.9942697057509771,1.0,1.0,1.0,1.0,2,599,0.9999999999999998,0.04350729543362238,oblique
3,128,0.9986329309045227,1.0,1.0,1.0,1.0,2,599,1.0000000000000002,0.0288180602489882,oblique
4,128,0.9874471758096035,1.0,1.0,1.0,1.0,2,599,1.0000000000000002,0.0761304509902373,oblique
5,128,0.9881341270938023,1.0,1.0,1.0,1.0,2,594,0.999879274992019,0.055726178569902654,oblique
6,128,0.989812390773311,0.9949958125176231,0.98997916755783,0.9949958125176231,1.0,2,599,0.9999999999999998,0.14572170867536605,oblique
7,128,0.99877419926019,1.0,1.0,1.0,1.0,2,599,1.0000000000000002,0.009549048397307388,oblique
8,128,0.9958312208961474,1.0,1.0,1.0,1.0,2,598,0.9999881961617847,0.01668971592649594,oblique
9,128,0.9938728585985482,1.0,1.0,1.0,1.0,2,599,0.9999999999999998,0.049963980303251915,oblique
10,128,0.9609892761725293,0.9463335382529064,0.9229751298134579,0.9463335382529064,0.9752298990533981,2,599,0.9999999999999993,0.03474259372811912,oblique
11,128,0.9963991611529872,0.9900168347249766,1.0,1.0,1.0,2,589,0.9996762081039213,0.19229278092901722,oblique
12,128,0.9886470816582915,0.9949958125176231,0.9949958125176231,0.9949958125176231,1.0,2,599,0.9999999999999999,0.13130214904558524,oblique
13,128,0.9831270385957566,0.9850631913879141,0.9652501176331426,0.9850631913879141,0.9601125178352563,2,599,0.9999999999999997,0.011202573969755323,oblique
14,128,0.9974314634282524,1.0,1.0,1.0,1.0,2,599,1.0,0.08037165379895078,oblique
15,128,0.9896234895309882,0.9900041668585104,0.9949958125176231,0.9949958125176231,0.9949958125176231,2,599,1.0,0.06984377902853389,oblique
16,128,0.9958639260887773,1.0,1.0,1.0,1.0,2,586,0.9994814496484609,0.04650349240016387,oblique
17,128,0.9829534440954775,0.9850631913879141,0.9900168347249766,0.9900168347249766,1.0,2,599,0.9999999999999998,0.0003419300355254144,oblique
18,128,0.9581095960357342,0.9457315307362295,0.9271366065467619,0.9457315307362295,0.9800710428333415,2,599,0.9999999999999998,0.08735344227841389,oblique
19,128,0.9866700931742043,0.9900168347249766,0.98997916755783,0.9900168347249766,1.0,2,599,1.0,0.0005809333973181458,oblique
0,256,0.9027990201005025,0.5558588448806148,0.4509162842812827,0.5558588448806148,0.9800962940103582,2,570,0.9973298531520997,0.003681027465182763,oblique
1,256,0.9710080043271916,1.0,0.5843662294159554,1.0,1.0,2,560,0.9954396499060094,0.03593079843550598,oblique
2,256,0.990677265773311,1.0,1.0,1.0,1.0,2,555,0.9944424459228918,0.014613142166808039,oblique
3,256,0.9727657369486321,1.0,1.0,1.0,1.0,2,552,0.9939353837954854,0.047697781681547646,oblique
4,256,0.9722825653964267,0.9801350059845216,0.6498967957514041,0.9801350059845216,1.0,2,550,0.9931266263719202,0.006722145135629605,oblique
5,256,0.9830277245254048,1.0,1.0,1.0,1.0,2,591,0.999654140634422,0.062388732877778054,oblique
6,256,0.9527030656058069,1.0,0.579982123612772,1.0,1.0,2,562,0.9956303382264555,0.0964417648382945,oblique
7,256,0.9881879915549971,1.0,1.0,1.0,1.0,2,566,0.9966869826836448,0.06101957389222645,oblique
8,256,0.9900175764237856,1.0,1.0,1.0,1.0,2,581,0.9987946070145625,0.12075257732857483,oblique
9,256,0.9583615765633724,0.9850377307840942,0.9557020427259341,0.9850377307840942,1.0,2,531,0.9872675607892984,0.005763365484848415,oblique
10,256,0.9729246059463986,0.9850626884924543,1.0,1.0,1.0,2,551,0.993122080490632,0.08475213648516967,oblique
11,256,0.9711777292713568,1.0,0.9949958125176231,1.0,0.9949958125176231,2,558,0.9948235411906607,0.003538124768240439,oblique
12,256,0.9311483208403126,0.9850377307840942,0.554683128122127,0.9850377307840942,0.9900042509932298,2,548,0.9922428106092949,0.037168380993755114,oblique
13,256,0.8859356589893915,0.888727743250158,0.47089362435019566,0.888727743250158,0.9701409347111197,2,556,0.9939841780138599,-0.0012241851342375825,oblique
14,256,0.9630316943048577,1.0,0.9949958125176231,1.0,1.0,2,541,0.9906449002548586,-0.0023166344092976233,oblique
15,256,0.9821329411641541,1.0,0.9949958125176231,1.0,1.0,2,563,0.9960135349978256,-0.0020629464980960553,oblique
16,256,0.9786068994276941,1.0,1.0,1.0,1.0,2,561,0.9957842216579351,0.019962274488689324,oblique
17,256,0.959772311069235,1.0,0.582217199464405,1.0,1.0,2,568,0.9971277628079377,0.03852233608354565,oblique
18,256,0.9829529087800112,1.0,1.0,1.0,1.0,2,577,0.9982640164119025,0.0028384549161946187,oblique
19,256,0.9627059156197657,0.9801340027693001,0.5755293271127823,0.9801340027693001,0.9949958125176231,2,563,0.9960242059299256,0.012461206362022418,oblique
0,512,0.961222857691234,1.0,0.6741007950768331,1.0,0.9949958125176231,2,546,0.9915362958709131,0.11737227194540886,oblique
1,512,0.8972070473897263,0.9506504177231677,0.2575070250329014,0.9506504177231677,0.9750680095469215,2,548,0.9922618498942959,0.005051375491537258,oblique
2,512,0.9626404867392518,1.0,1.0,1.0,1.0,2,548,0.9924211764351394,0.012384274704579163,oblique
3,512,0.9561906807649357,1.0,0.9949958125176231,1.0,1.0,2,550,0.9931869035259684,0.01611902603596069,oblique
4,512,0.9586992197096592,1.0,0.8013365990529828,1.0,1.0,2,521,0.9827376745517177,0.012611677761045218,oblique
5,512,0.9740034491206031,1.0,0.5642220678353478,1.0,1.0,2,505,0.97649603505079,0.01002207843761065,oblique
6,512,0.9627577951563372,0.9949958125176231,1.0,1.0,1.0,2,547,0.9917596884514462,0.062651285973903,oblique
7,512,0.9354857137074261,0.9700651874967248,0.9316631060104613,0.9700651874967248,0.9900166666666667,2,559,0.9947429196483288,0.027102198178338404,oblique
8,512,0.9897144026381909,1.0,1.0,1.0,1.0,2,526,0.9860602838477246,0.08125578995576009,oblique
9,512,0.8683458752791737,0.9358934839085545,0.5080446899061093,0.9358934839085545,0.9800838361096267,2,552,0.9928111264814123,0.006076487083526757,oblique
10,512,0.9634287950865439,1.0,0.7615404861003652,1.0,1.0,2,525,0.985299294810245,0.009397169962503674,oblique
11,512,0.9570350263819095,1.0,0.5821624946255212,1.0,0.9949958125176231,2,542,0.9907102164188178,-0.0006978668967475631,oblique
12,512,0.9609385124232273,0.9800218844810689,0.8740771012652576,0.9800218844810689,1.0,2,535,0.9883464360434686,0.0016894608100559085,oblique
13,512,0.9366811623394753,0.9850626884924543,0.5843662294159554,0.9850626884924543,0.9949958125176231,2,534,0.9878892102902791,0.0273927664858147,oblique
14,512,0.9427462459519822,1.0,0.6122901610245461,1.0,1.0,2,553,0.9936337184171519,0.017798489090580034,oblique
15,512,0.9540285597431601,0.9752324006948598,0.6307203490302082,0.9752324006948598,0.9900168347249766,2,514,0.9813526718294981,0.018462788891553276,oblique
16,512,0.9725490321747626,1.0,0.7755959070795361,1.0,1.0,2,523,0.98398651019855,0.03716664808214104,oblique
17,512,0.8452717031686209,0.8881285190786772,0.04582558007433078,0.8881285190786772,0.9170929847259521,2,544,0.9905924557375968,-0.001127718723195846,oblique
18,512,0.9492262670295926,0.9752324006948598,0.5614306390382732,0.9752324006948598,0.9949958125176231,2,516,0.981516872898797,0.02332726441673431,oblique
19,512,0.9631819768983808,0.9900168347249766,0.5638100870034283,0.9900168347249766,1.0,2,540,0.9900546620808002,-0.0002942045979342871,oblique
0,1024,0.9100928802345059,0.9949958125176231,0.5619150478810736,0.9949958125176231,0.9949958125176231,2,530,0.9860388558620988,0.0011704030408574769,oblique
1,1024,0.915507333612507,0.932264751445439,0.5925282794557123,0.932264751445439,1.0,2,519,0.981491256902217,0.009318576456260845,oblique
2,1024,0.9511463035315466,0.9900168347249766,0.5652331700235892,0.9900168347249766,1.0,2,536,0.9882763567620151,0.01175994588538249,oblique
3,1024,0.9395132245951981,0.9949958125176231,0.5622627728625686,0.9949958125176231,1.0,2,561,0.9950057834764059,-0.0012902884526112103,oblique
4,1024,0.9785654263679507,1.0,1.0,1.0,1.0,2,578,0.9984257076013199,0.048878443796486794,oblique
5,1024,0.9605598717895031,1.0,0.5636811160908641,1.0,1.0,2,504,0.9748930670700539,0.04705442822093487,oblique
6,1024,0.9344867570491345,0.9900168347249766,0.4513459443851258,0.9900168347249766,1.0,2,529,0.9854905335703588,-0.0018817487985679751,oblique
7,1024,0.9583402460915689,1.0,0.5669578186664868,1.0,1.0,2,532,0.9869012684052392,0.052910502621913894,oblique
8,1024,0.9632851224176437,1.0,1.0,1.0,1.0,2,571,0.997437266578375,0.03858128780501213,oblique
9,1024,0.9349492992043551,0.9653486922920235,0.975118174517652,0.975118174517652,0.9750060396133735,2,579,0.9986361306087969,0.03514176780271132,oblique
10,1024,0.8998702134980459,0.9701630024547008,0.023110048446534175,0.9701630024547008,1.0,2,534,0.9867458505288008,0.008185087498064094,oblique
11,1024,0.8967393579704076,0.9751552754716795,0.5632010205695861,0.9751552754716795,1.0,2,551,0.9925918661402284,0.0028687107584261977,oblique
12,1024,0.918954881979341,0.9900168347249766,0.42970604568808785,0.9900168347249766,1.0,2,528,0.9848368553747706,3.2655947633372805e-05,oblique
13,1024,0.9301475910106085,1.0,0.6341731163351416,1.0,1.0,2,543,0.990211442710845,-0.0004712975605553429,oblique
14,1024,0.9297778765354551,0.9800838361096267,0.9900041668585104,0.9900041668585104,0.98997916755783,2,550,0.9922769465033885,0.0371594906550139,oblique
15,1024,0.9324468733947515,0.9850379826540705,0.5517472038119035,0.9850379826540705,1.0,2,542,0.9899139357955326,0.030845943550332447,oblique
16,1024,0.9759500760748185,1.0,1.0,1.0,1.0,2,584,0.9990998135131496,0.008337671080704783,oblique
17,1024,0.9430581102735902,0.9949958125176231,0.5660432470563912,0.9949958125176231,1.0,2,505,0.975064394592514,0.03957473962556213,oblique
18,1024,0.9367594736180904,0.9949958125176231,0.9463606273698019,0.9949958125176231,1.0,2,534,0.9870421628026481,0.05493941051024269,oblique
19,1024,0.9232122282244555,0.9900168347249766,0.5687048332471711,0.9900168347249766,0.9949958125176231,2,568,0.9969213954237084,0.018246710892120446,oblique
0,2048,0.8576492158012284,0.9800218844810689,0.970188086101229,0.9800218844810689,1.0,2,599,0.9999999999999998,0.0046966328209705754,oblique
1,2048,0.9661905245672808,1.0,1.0,1.0,1.0,2,579,0.9983008330585985,0.03377498290064706,oblique
2,2048,0.8060672592825238,0.9454037006929589,0.09209536189639554,0.9454037006929589,0.9949958125176231,2,550,0.9926958437280711,0.00683572764760037,oblique
3,2048,0.9574029812953657,0.9900166666666667,0.6283912603782009,0.9900166666666667,1.0,2,563,0.9955809752697017,0.01655175121019722,oblique
4,2048,0.949743482691234,0.9850626884924543,0.9751295644672853,0.9850626884924543,1.0,2,592,0.9997442294155594,0.007696559545270926,oblique
5,2048,0.9408775432021217,0.9949958125176231,0.6592117780660155,0.9949958125176231,1.0,2,546,0.9911272294684684,0.015047575867403651,oblique
6,2048,0.9330640039782244,1.0,0.4416248859343248,1.0,1.0,2,567,0.9963418601281587,0.02045197551737705,oblique
7,2048,0.9145051370044669,0.9752298990533981,0.9558742377435608,0.9752298990533981,1.0,2,582,0.9988699344480716,0.004490466074874201,oblique
8,2048,0.8767296038525964,0.9701016774445981,0.6876980247360435,0.9701016774445981,0.9900168347249766,2,569,0.996719106116977,-0.000979745211310639,oblique
9,2048,0.9628379752931324,0.9949958125176231,1.0,1.0,1.0,2,552,0.9931598662205634,0.02171127274501791,oblique
10,2048,0.9554777950865437,1.0,1.0,1.0,1.0,2,575,0.9978681588472463,0.00323095823781751,oblique
11,2048,0.9583540996649915,0.9949958125176231,0.9949958125176231,0.9949958125176231,0.9900168347249766,2,599,0.9999999999999994,0.0028862806465509987,oblique
12,2048,0.9608478821887213,1.0,1.0,1.0,1.0,2,560,0.9949633999265587,0.03639174954437451,oblique
13,2048,0.890107503559464,0.9183566814289071,0.5857797481864616,0.9183566814289071,0.9703554963908735,2,540,0.9891096321141241,0.05960562109581157,oblique
14,2048,0.8947692874092686,0.9651739949856187,0.9366544497890013,0.9651739949856187,0.9949958125176231,2,579,0.9984045576866054,0.00917579437431772,oblique
15,2048,0.9629181217895032,1.0,1.0,1.0,1.0,2,562,0.9955917120964954,0.009484235392931015,oblique
16,2048,0.9314442830122838,0.9900166666666667,0.9900168347249766,0.9900168347249766,1.0,2,581,0.9987522036931729,0.018210182325465354,oblique
17,2048,0.9229024855527639,0.9653469423212855,0.9023055537239768,0.9653469423212855,0.9949958125176231,2,582,0.998954233180765,-9.597040080898249e-06,oblique
18,2048,0.9395652497906197,0.9900168347249766,0.9949958125176231,0.9949958125176231,0.9949958125176231,2,553,0.9934281553675607,0.017334073934836235,oblique
19,2048,0.9903938109994417,1.0,1.0,1.0,1.0,2,598,0.9999908538777048,0.01848127197483819,oblique
