dataset,dimension,method,n_fits,median,q25,q75
gaussian_subspace,8,ae_relu,20,0.9825674312022972,0.9679136262597531,0.9912615791731383
gaussian_subspace,8,ae_tanh,20,0.9949958125176231,0.9838025186105203,1.0
gaussian_subspace,8,autog2m2,20,0.9291084084882171,0.824231396238069,0.9962468593882173
gaussian_subspace,8,autogmm_spectral,20,1.0,0.99000422995955,1.0
gaussian_subspace,8,mclust,20,1.0,1.0,1.0
gaussian_subspace,8,pca,20,0.9974979062588116,0.9800589212518487,1.0
gaussian_subspace,8,umap,20,1.0,0.9900167927103991,1.0
gaussian_subspace,16,ae_relu,20,0.9850255040078391,0.9740119238402439,0.9949958125176231
gaussian_subspace,16,ae_tanh,20,0.9974979062588116,0.9937479011028449,1.0
gaussian_subspace,16,autog2m2,20,0.9487339437526487,0.883960871249186,0.9715369959374778
gaussian_subspace,16,autogmm_spectral,20,1.0,0.9937479011028449,1.0
gaussian_subspace,16,mclust,20,1.0,1.0,1.0
gaussian_subspace,16,pca,20,1.0,0.9900136887920399,1.0
gaussian_subspace,16,umap,20,1.0,0.9949958125176231,1.0
gaussian_subspace,32,ae_relu,20,0.9825675571372852,0.9497503445744278,0.9912615791731383
gaussian_subspace,32,ae_tanh,20,1.0,0.988778298166846,1.0
gaussian_subspace,32,autog2m2,20,0.9580847303936292,0.9214054283156681,0.9912520782732887
gaussian_subspace,32,autogmm_spectral,20,1.0,0.9937479221365249,1.0
gaussian_subspace,32,mclust,20,1.0,0.5695424137703478,1.0
gaussian_subspace,32,pca,20,1.0,0.9949958125176231,1.0
gaussian_subspace,32,umap,20,1.0,0.9937510260548841,1.0
gaussian_subspace,64,ae_relu,20,0.8051489378095846,0.6048887917672658,0.8701703067013103
gaussian_subspace,64,ae_tanh,20,0.987508449170962,0.9703009631424134,0.9949958125176231
gaussian_subspace,64,autog2m2,20,0.9727553859312765,0.9278377990900828,0.9949958125176231
gaussian_subspace,64,autogmm_spectral,20,0.9925063236212999,0.972648971330726,0.9949958125176231
gaussian_subspace,64,mclust,20,-5.555601852237657e-06,-5.555601852237657e-06,1.1167038898970166e-05
gaussian_subspace,64,pca,20,0.9949958125176231,0.988737505968222,1.0
gaussian_subspace,64,umap,20,0.972653254759183,0.9373019660617112,0.9912614531294058
gaussian_subspace,128,ae_relu,20,0.5146142816432566,0.4454602903831041,0.6734805854195687
gaussian_subspace,128,ae_tanh,20,0.9677386003219214,0.9457469558407022,0.9899885423350392
gaussian_subspace,128,autog2m2,20,0.9850377307840942,0.9322861872214301,1.0
gaussian_subspace,128,autogmm_spectral,20,0.9775886838991608,0.9567262846812361,0.9949958125176231
gaussian_subspace,128,mclust,20,-5.555601852237657e-06,-5.555601852237657e-06,1.1167038898970166e-05
gaussian_subspace,128,pca,20,0.9949958125176231,0.9788552398321964,1.0
gaussian_subspace,128,umap,20,0.9048219152647297,0.7984245235967813,0.9506682259772707
gaussian_subspace,256,ae_relu,20,0.2962565863011841,0.2027315115477572,0.32188542278004906
gaussian_subspace,256,ae_tanh,20,0.8857393053092193,0.686149909812018,0.9167627915936307
gaussian_subspace,256,autog2m2,20,0.9850626884924544,0.8900981323817956,0.9949958125176231
gaussian_subspace,256,autogmm_spectral,20,0.9024368947659231,0.8754926943373539,0.9328115484854564
gaussian_subspace,256,mclust,20,-5.555601852237657e-06,-5.555601852237657e-06,1.1167038898970166e-05
gaussian_subspace,256,pca,20,0.980027776965511,0.9544024646732922,0.9863015602076022
gaussian_subspace,256,umap,20,0.6466904716051823,0.45553634986559915,0.7170410331171012
gaussian_subspace,512,ae_relu,20,0.08072292889391686,0.014317817667895751,0.13543315662482966
gaussian_subspace,512,ae_tanh,20,0.710177112453186,0.02471615631134915,0.8699685164510347
gaussian_subspace,512,autog2m2,20,0.9487025013225866,0.9087539085389913,0.9801066002115054
gaussian_subspace,512,autogmm_spectral,20,0.7317105510338546,0.6266136988421847,0.8101426448138518
gaussian_subspace,512,mclust,20,-5.555601852237657e-06,-5.555601852237657e-06,1.1167038898970166e-05
gaussian_subspace,512,pca,20,0.9603874323327297,0.915979249384878,0.9850032568680704
gaussian_subspace,512,umap,20,0.3375191241953499,0.1804342275664246,0.5100541238405882
gaussian_subspace,1024,ae_relu,20,0.0009659202666320501,-0.00060975719680495,0.0059809492209647
gaussian_subspace,1024,ae_tanh,20,0.007024624028889301,0.002746871362589625,0.015337583805508625
gaussian_subspace,1024,autog2m2,20,0.9463561140365441,0.8908081328718535,0.9666411203153871
gaussian_subspace,1024,autogmm_spectral,20,0.3585345552709859,0.21921344767699175,0.44209532977518884
gaussian_subspace,1024,mclust,20,0.3420930536639526,0.0645890340512323,0.5378957346688992
gaussian_subspace,1024,pca,20,0.8034784334073568,0.707861136307872,0.9121829229982303
gaussian_subspace,1024,umap,20,0.0425047708329199,0.01429371462407575,0.0592382083974945
gaussian_subspace,2048,ae_relu,20,0.0020847688824723,-0.0005638857462601,0.004506387888640425
gaussian_subspace,2048,ae_tanh,20,0.00151539648395575,-0.0016810875913119252,0.004388765280369175
gaussian_subspace,2048,autog2m2,20,0.9198480153258672,0.8046708013565522,0.990007333825127
gaussian_subspace,2048,autogmm_spectral,20,0.0273476788305804,0.014056914078472801,0.09820122966278197
gaussian_subspace,2048,mclust,20,0.011871517793281449,0.003922592981695025,0.0337304879778592
gaussian_subspace,2048,pca,20,0.23621024057884776,0.1644392305328935,0.40507446752542187
gaussian_subspace,2048,umap,20,0.00503714187321055,0.001521318549378425,0.01336099610385015
heavy_tail_subspace,8,ae_relu,20,0.9850503355732624,0.95474611769442,0.990007333825127
heavy_tail_subspace,8,ae_tanh,20,0.9900168347249766,0.9788801950336172,1.0
heavy_tail_subspace,8,autog2m2,20,0.984987816627764,0.9175023902464836,0.9949958125176231
heavy_tail_subspace,8,autogmm_spectral,20,0.9949958125176231,0.9900136887920399,1.0
heavy_tail_subspace,8,mclust,20,0.9974979062588116,0.9887781721231137,1.0
heavy_tail_subspace,8,pca,20,0.9949958125176231,0.9801059731972421,1.0
heavy_tail_subspace,8,umap,20,0.9949958125176231,0.9900135627483075,1.0
heavy_tail_subspace,16,ae_relu,20,0.9726419381242759,0.921050611129523,0.991252141374328
heavy_tail_subspace,16,ae_tanh,20,0.9925063236212999,0.988737505968222,1.0
heavy_tail_subspace,16,autog2m2,20,0.9653881981578087,0.9008845723672501,0.9763964872889062
heavy_tail_subspace,16,autogmm_spectral,20,0.9974979062588116,0.9900074179331899,1.0
heavy_tail_subspace,16,mclust,20,1.0,0.9937510680694615,1.0
heavy_tail_subspace,16,pca,20,0.9949958125176231,0.9899979170333404,1.0
heavy_tail_subspace,16,umap,20,1.0,0.9949958125176231,1.0
heavy_tail_subspace,32,ae_relu,20,0.9557309096076081,0.8692834782298072,0.98998543841668
heavy_tail_subspace,32,ae_tanh,20,0.99000420892587,0.97514242028881,0.9949958125176231
heavy_tail_subspace,32,autog2m2,20,0.965513069469569,0.9407932386126143,0.9912520782732887
heavy_tail_subspace,32,autogmm_spectral,20,1.0,0.992512531511331,1.0
heavy_tail_subspace,32,mclust,20,1.0,0.9949958125176231,1.0
heavy_tail_subspace,32,pca,20,0.9949958125176231,0.9837712532232149,1.0
heavy_tail_subspace,32,umap,20,0.9949958125176231,0.980077732723196,1.0
heavy_tail_subspace,64,ae_relu,20,0.780170077651352,0.5671966705829106,0.8567255817008373
heavy_tail_subspace,64,ae_tanh,20,0.9775695261901316,0.9591937437645012,0.9949958125176231
heavy_tail_subspace,64,autog2m2,20,0.9727117529688976,0.9334239959678031,0.9912614531294058
heavy_tail_subspace,64,autogmm_spectral,20,0.9875273246603686,0.9678252012259991,0.9949958125176231
heavy_tail_subspace,64,mclust,20,2.805718523366254e-06,-5.555601852237657e-06,1.1167038898970166e-05
heavy_tail_subspace,64,pca,20,0.9900168347249766,0.9739572482340024,1.0
heavy_tail_subspace,64,umap,20,0.9653723174307494,0.9545581503204713,0.9850032568680704
heavy_tail_subspace,128,ae_relu,20,0.5716885725094198,0.38557729375181937,0.788284787637238
heavy_tail_subspace,128,ae_tanh,20,0.9629214511753299,0.9504978822607975,0.9800275668024512
heavy_tail_subspace,128,autog2m2,20,0.9850376678150101,0.9434262831903663,0.9900167086812443
heavy_tail_subspace,128,autogmm_spectral,20,0.9702521723567896,0.9508357797806529,0.9900041878921902
heavy_tail_subspace,128,mclust,20,-5.555601852237657e-06,-5.555601852237657e-06,1.1167038898970166e-05
heavy_tail_subspace,128,pca,20,0.9900104167625886,0.9788544859767236,0.9949958125176231
heavy_tail_subspace,128,umap,20,0.9008494411427717,0.849710075162142,0.9530552861961958
heavy_tail_subspace,256,ae_relu,20,0.326923920965732,0.2603314904214744,0.4690406837567872
heavy_tail_subspace,256,ae_tanh,20,0.9171808062241349,0.8691422113741184,0.9505828567385216
heavy_tail_subspace,256,autog2m2,20,0.9850563965732683,0.9346197973918199,0.9962468593882173
heavy_tail_subspace,256,autogmm_spectral,20,0.9360969710654055,0.8503055472914192,0.9800685987735567
heavy_tail_subspace,256,mclust,20,-5.555601852237657e-06,-5.555601852237657e-06,-5.555601852237657e-06
heavy_tail_subspace,256,pca,20,0.9875336791232122,0.9618423508430584,0.9949958125176231
heavy_tail_subspace,256,umap,20,0.7562351363263777,0.646270019100767,0.8319790139138007
heavy_tail_subspace,512,ae_relu,20,0.0149964058498026,0.005000527282214725,0.17979047439291893
heavy_tail_subspace,512,ae_tanh,20,0.17478882473736915,0.010708377067341124,0.8265198505896977
heavy_tail_subspace,512,autog2m2,20,0.9850127107368449,0.9664935411791864,0.9962468593882173
heavy_tail_subspace,512,autogmm_spectral,20,0.6648548875172189,0.5214081965368128,0.7871086484510506
heavy_tail_subspace,512,mclust,20,-5.555601852237657e-06,-5.555601852237657e-06,1.1167038898970166e-05
heavy_tail_subspace,512,pca,20,0.9482425979307424,0.8207706180489907,0.9751360444964459
heavy_tail_subspace,512,umap,20,0.11491482354444754,0.06969979980802185,0.3332583942692028
heavy_tail_subspace,1024,ae_relu,20,0.0013160884948491,-0.0008406364198109,0.005014319293873325
heavy_tail_subspace,1024,ae_tanh,20,0.0093404342695226,0.00605446270782425,0.01209936269976285
heavy_tail_subspace,1024,autog2m2,20,0.9801350059845216,0.9056380072445923,0.9949958125176231
heavy_tail_subspace,1024,autogmm_spectral,20,0.31165538607989063,0.1797849715667883,0.5015957059214328
heavy_tail_subspace,1024,mclust,20,0.3507462334328349,0.13468234406957746,0.910946134782884
heavy_tail_subspace,1024,pca,20,0.8476166838835429,0.7215877748618188,0.9152434049715656
heavy_tail_subspace,1024,umap,20,0.034821029567170855,0.00836963012580425,0.05766957939524385
heavy_tail_subspace,2048,ae_relu,20,0.0006159173362236,-0.000748726793930425,0.001844817404234875
heavy_tail_subspace,2048,ae_tanh,20,0.0018026782365682,-5.3625574575100025e-05,0.004601585830522125
heavy_tail_subspace,2048,autog2m2,20,0.9751938380832696,0.8496114386971253,0.9801062232932867
heavy_tail_subspace,2048,autogmm_spectral,20,0.04345416751154975,0.020178744977505075,0.09862132938676785
heavy_tail_subspace,2048,mclust,20,0.011744373956149249,0.0045332699172259995,0.0301286849186111
heavy_tail_subspace,2048,pca,20,0.39127451261918655,0.33057535502098007,0.4936724565292448
heavy_tail_subspace,2048,umap,20,0.0080286975312731,0.002747945268072025,0.010942180443131225
swiss_roll,8,ae_relu,20,0.20450027800625675,0.15942164669256692,0.2691747217384851
swiss_roll,8,ae_tanh,20,0.1622447609120971,0.0697980009365728,0.21557744979169177
swiss_roll,8,autog2m2,20,0.27415868739325977,0.22097202651875783,0.36416909100449435
swiss_roll,8,autogmm_spectral,20,0.2332158488431752,0.19179732452692796,0.3435029304517557
swiss_roll,8,mclust,20,0.20536465691295036,0.14913744431745476,0.2341033193784546
swiss_roll,8,pca,20,0.16416585623759578,0.09375741572431726,0.22377737636608175
swiss_roll,8,umap,20,0.5271493333932322,0.4260254957296137,0.6090486581712491
swiss_roll,16,ae_relu,20,0.17324576059802183,0.11282916102548067,0.29472602755581717
swiss_roll,16,ae_tanh,20,0.1653569694454709,0.13163861846989094,0.2110982862720684
swiss_roll,16,autog2m2,20,0.2891146366673854,0.2024201622188268,0.3745046977216107
swiss_roll,16,autogmm_spectral,20,0.3510049519843665,0.25755868507932533,0.41284795663972274
swiss_roll,16,mclust,20,0.1203902939293478,0.0556361316861141,0.2104566713945994
swiss_roll,16,pca,20,0.1682881186326008,0.09314145467712791,0.19760916507570453
swiss_roll,16,umap,20,0.57208790045232,0.5198655678011206,0.7330026255786104
swiss_roll,32,ae_relu,19,0.1526370330199288,0.08874427457065255,0.24568830870849706
swiss_roll,32,ae_tanh,20,0.16769268969511325,0.12328580993892381,0.20781829723238163
swiss_roll,32,autog2m2,20,0.40683759710567424,0.35262251150851925,0.43052058049924785
swiss_roll,32,autogmm_spectral,20,0.2899927227953069,0.2446366028166157,0.37303044943545743
swiss_roll,32,mclust,20,0.2589485784170395,0.12644653024004213,0.3480771928943994
swiss_roll,32,pca,20,0.14411830513557986,0.11014652004395788,0.21766976738975646
swiss_roll,32,umap,20,0.4396108008830246,0.32560984155948436,0.5591298265302401
swiss_roll,64,ae_relu,20,0.13169973350533865,0.10668042701715835,0.27694090147431843
swiss_roll,64,ae_tanh,20,0.10073465788492844,0.055440532036495,0.1830459557761892
swiss_roll,64,autog2m2,20,0.3956038357225846,0.25066271889111186,0.4264076383596844
swiss_roll,64,autogmm_spectral,20,0.24310928623994055,0.21791683084213892,0.33336976031707444
swiss_roll,64,mclust,20,0.2231432969313214,0.11308847407495275,0.30305487787679697
swiss_roll,64,pca,20,0.12211735034679275,0.03584192773207545,0.20063671166308006
swiss_roll,64,umap,20,0.41362135141833806,0.2960674676875044,0.49005024004075615
swiss_roll,128,ae_relu,20,0.14397993297963751,0.11009040657894545,0.22493674109162104
swiss_roll,128,ae_tanh,20,0.16345559047216945,0.08956405174660408,0.22443204381487633
swiss_roll,128,autog2m2,20,0.28575399418094705,0.23063938067614015,0.40769192819210875
swiss_roll,128,autogmm_spectral,20,0.3401671448461898,0.29663749750102286,0.4011650628966748
swiss_roll,128,mclust,20,0.27750383144896734,0.20955222742915192,0.33692042053476723
swiss_roll,128,pca,20,0.14242386748188385,0.07384638361003097,0.183649784849038
swiss_roll,128,umap,20,0.4965701123581181,0.38391481377114556,0.6056619844533564
swiss_roll,256,ae_relu,20,0.18773604970018395,0.11748158855440685,0.24773859467562726
swiss_roll,256,ae_tanh,20,0.1620695480630584,0.12555902385185,0.20052423969002092
swiss_roll,256,autog2m2,20,0.228324703652922,0.18003511853635257,0.40230461839251946
swiss_roll,256,autogmm_spectral,20,0.2980733448613784,0.2438526580028808,0.4099988280849566
swiss_roll,256,mclust,20,0.24567411112738913,0.12283969612743523,0.3034901270709347
swiss_roll,256,pca,20,0.17401373455429886,0.115794396939642,0.22014292399303026
swiss_roll,256,umap,20,0.5676842834455853,0.5151987507466276,0.61300093010503
