data_regime,dimension,method,n,fixed_k,fixed_k_ari_median,fixed_k_ari_q1,fixed_k_ari_q3,automatic_ari_median,automatic_ari_q1,automatic_ari_q3,fixed_minus_automatic_ari_median,fixed_minus_automatic_ari_q1,fixed_minus_automatic_ari_q3,neighbor_purity_at_30_median,automatic_k_median,automatic_k_equal_5
independent_permutation,256,autog2m2,20,5,0.9927646625547983,0.9804674274995258,0.9962578040012737,0.8082307427840729,0.6683834218159401,0.9375773375052787,0.14050041826806425,0.041496949209912065,0.31649815143129456,0.9954223886808156,7.0,2
independent_permutation,256,pca,20,5,0.9807526704695788,0.9706217941358702,0.9962578040012737,0.9807526704695788,0.9706217941358702,0.9962578040012736,1.1102230246251565e-16,0.0,1.1102230246251565e-16,0.9962962962962963,5.0,20
independent_permutation,256,umap,20,5,0.827975137279594,0.827975137279594,0.827975137279594,0.5771747398830342,0.5640377170356823,0.6085783201964776,0.2508003973965598,0.21939681708311637,0.2639374202439117,0.9936745734498544,10.0,0
independent_permutation,512,autog2m2,20,5,0.9607014395843323,0.8650952241515659,0.9750235219297361,0.7880252935579983,0.6494535382561346,0.9670774403404682,0.058229843046629204,0.0,0.16068002002005458,0.9685185185185186,6.0,8
independent_permutation,512,pca,20,5,0.9925379262715904,0.9925379262715904,0.9925379262715904,0.6161873583989186,0.5813310744490852,0.6686443895298334,0.3754339462466295,0.323893536741757,0.41342134560119354,0.9958801498127341,10.0,0
independent_permutation,512,umap,20,5,0.9887466505384658,0.9887466505384658,0.9925379262715904,0.8608180804473713,0.7283871040670805,0.8860109622265114,0.12982420795765687,0.10472237736764634,0.26035954647138526,0.9955472326258843,6.5,0
independent_permutation,1024,autog2m2,20,5,0.8312787642700918,0.6446853613282519,0.9285583688965786,0.6552652852068988,0.5935087360073081,0.8239940544835818,0.06314520022166897,-0.01899889871110569,0.1956495569483936,0.8164585934248856,7.5,2
independent_permutation,1024,pca,20,5,0.9925379262715904,0.9925379262715904,0.9925379262715904,0.7707804501750507,0.6813133472605527,0.8256197222920229,0.22175747609653973,0.1669182039795676,0.31682113430734493,0.9957553058676654,8.0,0
independent_permutation,1024,umap,20,5,0.9887466505384658,0.9887466505384658,0.9896774220170068,0.8842913224819258,0.8816200908392242,0.8860736085349792,0.10459824879539348,0.10273165144247234,0.10714855033094298,0.9950686641697878,6.0,0
independent_permutation,2048,autog2m2,20,5,0.2268068906947961,0.16956328452649808,0.4084647572379382,0.1421308892634522,0.04863208769814328,0.4028221068330733,0.023714714058183775,-0.007906914220545527,0.11735591333016399,0.5414689970869746,4.0,0
independent_permutation,2048,pca,20,5,0.9925379262715904,0.9925379262715904,0.9962578040012737,0.8644172213315536,0.8339221688421594,0.8708228087577962,0.13000925303658778,0.12171511751379427,0.15868060170079937,0.9950062421972534,6.0,0
independent_permutation,2048,umap,20,5,0.9878276742236063,0.9850459881493702,0.9887466505384658,0.8804883852241586,0.8768357578445916,0.8864433340571116,0.10467672213541168,0.1026635052686089,0.1104161995799213,0.9946317103620474,6.0,0
independent_permutation,4096,autog2m2,20,5,0.12579575088309913,0.04547623614995444,0.1686129381965225,0.0942263616914434,0.01462186783841255,0.14522767694859887,0.029388197685574307,0.010350777695868372,0.038243887942095774,0.4231793591344153,4.0,2
independent_permutation,4096,pca,20,5,0.9934758463206201,0.9920796154585693,0.9962578040012737,0.8744574106664857,0.8726453723602,0.8781510695834721,0.11897403228067799,0.11620910705349405,0.12354515465996702,0.9934665002080733,6.0,0
independent_permutation,4096,umap,20,5,0.9887466505384658,0.9850459881493702,0.9924697364526301,0.9376894480042628,0.8694375786849218,0.9887466505384658,0.04736777621862248,0.0,0.11814162690005045,0.9942363712026634,5.5,10
observed_genes,256,autog2m2,20,5,0.9887789313767057,0.9540426669920132,0.9910206799200878,0.8227123813474756,0.7403681344570002,0.9303983047394041,0.12183389699506936,0.0,0.18552799397323663,0.9944028297960881,7.0,4
observed_genes,256,pca,20,5,0.9807526704695788,0.9706217941358702,0.9962578040012737,0.9807526704695788,0.9706217941358702,0.9962578040012736,1.1102230246251565e-16,0.0,1.1102230246251565e-16,0.9962962962962963,5.0,20
observed_genes,256,umap,20,5,0.827975137279594,0.827975137279594,0.827975137279594,0.5704340870532076,0.5627771823609814,0.5902784474648815,0.25754105022638646,0.23769668981471254,0.26519795491861264,0.9936745734498544,10.0,0
observed_genes,512,autog2m2,20,5,0.9915847209966469,0.9863612782023385,0.9934665874851945,0.7397862016269261,0.6726367737433271,0.8501003876542587,0.2389917297916634,0.07794167964168155,0.30612172295597945,0.9949438202247189,8.0,3
observed_genes,512,pca,20,5,0.9962578040012737,0.9727888086546019,0.9962578040012737,0.9962578040012736,0.9008961764535782,0.9962578040012736,1.1102230246251565e-16,1.1102230246251565e-16,1.1102230246251565e-16,0.9964627548897212,5.0,14
observed_genes,512,umap,20,5,0.9962578040012737,0.9962578040012737,0.9962578040012737,0.623370238861874,0.5857406821217691,0.6891198779239347,0.37288756513939975,0.30704744601264666,0.4105171218795046,0.9976279650436952,9.0,0
observed_genes,1024,autog2m2,20,5,0.9894667366021141,0.9841151243728004,0.9925170428621352,0.794755401731754,0.6149922633829887,0.8696785215841021,0.1905369614978925,0.10166563121287739,0.3080102021630724,0.9913441531419058,8.0,2
observed_genes,1024,pca,20,5,0.9925379262715904,0.9924094779749838,0.9925379262715904,0.9925379262715904,0.9917105060514596,0.9925379262715904,0.0,0.0,2.7755575615628914e-17,0.995880149812734,5.0,17
observed_genes,1024,umap,20,5,0.9925379262715904,0.9925379262715904,0.9925379262715904,0.6535179918698834,0.6138753213745826,0.6684678653228379,0.3390199344017071,0.32407006094875257,0.37866260489700787,0.9961922596754058,8.5,0
observed_genes,2048,autog2m2,20,5,0.9676316165751597,0.8646187201171565,0.9888036837768139,0.8880096892964906,0.766455999845766,0.9635423295023053,5.551115123125783e-17,0.0,0.14809770364802347,0.9852059925093632,6.0,9
observed_genes,2048,pca,20,5,0.9187306109797139,0.8304820544782894,0.9907046830195056,0.888645333749157,0.8483906141307233,0.9907046830195056,0.0,0.0,0.0,0.994756554307116,5.0,15
observed_genes,2048,umap,20,5,0.9925379262715904,0.9925379262715904,0.9925379262715904,0.665669086326076,0.6564481325841297,0.6683873842101192,0.3268688399455144,0.32397267223528003,0.3370197631198815,0.9963171036204743,8.0,0
observed_genes,4096,autog2m2,20,5,0.9600494451481594,0.891544352392118,0.9722149795539339,0.9142574051069892,0.7312873703152396,0.9597114207778434,0.0,0.0,0.06613155228067863,0.9758843112775697,5.0,14
observed_genes,4096,pca,20,5,0.9882828854836692,0.9786873275439151,0.991981870902717,0.9882828854836692,0.9249409160222442,0.991981870902717,0.0,0.0,0.0,0.9922180607573866,5.0,18
observed_genes,4096,umap,20,5,0.99441376636965,0.99441376636965,0.99441376636965,0.6661265456996432,0.6139472508903809,0.670382405896402,0.32746214423386527,0.3237255686887106,0.38046651547926896,0.9959217644610903,8.0,0
structured_lowrank,256,autog2m2,20,5,0.990642492212044,0.984571341887306,0.9943723296243443,0.8184139353145405,0.7035506897903578,0.8732476803458595,0.14682002675650174,0.0,0.2261567393019778,0.9952351227632126,7.0,4
structured_lowrank,256,pca,20,5,0.9807526704695788,0.9706217941358702,0.9962578040012737,0.9807526704695788,0.9706217941358702,0.9962578040012736,1.1102230246251565e-16,0.0,1.1102230246251565e-16,0.9962962962962963,5.0,20
structured_lowrank,256,umap,20,5,0.827975137279594,0.827975137279594,0.827975137279594,0.5771747398830342,0.5640377170356823,0.6085783201964776,0.2508003973965598,0.21939681708311637,0.2639374202439117,0.9936745734498544,10.0,0
structured_lowrank,512,autog2m2,20,5,0.9324683032670333,0.8033937310888962,0.9798924734759206,0.8764614016663382,0.7390962990465726,0.9307652648870435,0.03404851263595782,8.326672684688674e-17,0.121664149068023,0.9822097378277153,6.5,5
structured_lowrank,512,pca,20,5,0.9925379262715904,0.9925379262715904,0.9928554806516025,0.6145667936483379,0.5827520905743746,0.6669175073498249,0.37705451099721016,0.3256204189217655,0.41069895060055994,0.9947773616312942,10.0,0
structured_lowrank,512,umap,20,5,0.9887466505384658,0.9887466505384658,0.9925379262715904,0.7351959166615517,0.7255389800672183,0.8797049653361934,0.2573079147005586,0.10904790040751852,0.26642651611248147,0.9952559300873908,7.0,0
structured_lowrank,1024,autog2m2,20,5,0.9253754388140059,0.7927987510148629,0.9747319169433962,0.7187406561314268,0.6445547789223534,0.7911842108016385,0.14058130720001627,0.0,0.27763283171427594,0.9648980441115274,8.0,6
structured_lowrank,1024,pca,20,5,0.9850459881493702,0.9850459881493702,0.9850459881493702,0.626621214769248,0.5969548149867919,0.6550720249373084,0.3584247733801222,0.32997396321206174,0.38809117316257824,0.9876820640865587,10.0,0
structured_lowrank,1024,umap,20,5,0.9887466505384658,0.9850459881493702,0.9887466505384658,0.7116705652384681,0.7003819335181305,0.795535415786933,0.2770760852999978,0.19221490533213256,0.2906854466963368,0.9934873075322515,7.0,0
structured_lowrank,2048,autog2m2,20,5,0.7983265007541913,0.5643440192015617,0.9279569897851883,0.599752911255788,0.548105632988549,0.6847301849695203,0.11480665532891166,0.056257709837559705,0.2356207838750387,0.9288805659592176,8.5,0
structured_lowrank,2048,pca,20,5,0.9850459881493702,0.9850459881493702,0.9850459881493702,0.6627383583124162,0.6275301403351957,0.6911957067943711,0.3223076298369539,0.293850281354999,0.35751584781417445,0.9244694132334582,9.0,0
structured_lowrank,2048,umap,20,5,0.9796169154974406,0.9770141660300448,0.9869086979087469,0.7037952446557114,0.6958392426484613,0.7117184800730747,0.2804342011758305,0.26608128455788077,0.28779808197159373,0.9897003745318351,7.0,0
structured_lowrank,4096,autog2m2,20,5,0.6485708825998755,0.5347835502626171,0.7439402083873342,0.5993148042270597,0.45418789561820344,0.7099015579060433,0.0038165384075647124,-0.07279536519721871,0.20379430498676454,0.8597170203911777,8.0,2
structured_lowrank,4096,pca,20,5,0.991621304645548,0.9887466505384658,0.9925379262715904,0.6829562007739081,0.6531386366387752,0.7447992403770773,0.30677061211030415,0.24773868589451306,0.3396258020302209,0.7433624635871827,9.0,0
structured_lowrank,4096,umap,20,5,0.3911797563928142,0.3752729876020219,0.4423985991937076,0.3595611247579385,0.33046973299197424,0.4162476944209462,0.047283294774682016,0.01147911795380234,0.07566621285049206,0.8007698709945901,8.0,0
