regime,dimension,method,n_fits,ari_median,ari_q25,ari_q75,ari_iqr
independent_permutation,256,autog2m2,20,0.8082307427840729,0.6683834218159401,0.9375773375052787,0.2691939156893386
independent_permutation,256,pca,20,0.9807526704695788,0.9706217941358702,0.9962578040012736,0.025636009865403375
independent_permutation,256,umap,20,0.5771747398830342,0.5640377170356823,0.6085783201964776,0.04454060316079533
independent_permutation,512,autog2m2,20,0.7880252935579983,0.6494535382561346,0.9670774403404682,0.31762390208433355
independent_permutation,512,pca,20,0.6161873583989186,0.5813310744490852,0.6686443895298334,0.08731331508074824
independent_permutation,512,umap,20,0.8608180804473713,0.7283871040670805,0.8860109622265114,0.15762385815943092
independent_permutation,1024,autog2m2,20,0.6552652852068988,0.5935087360073081,0.8239940544835818,0.23048531847627363
independent_permutation,1024,pca,20,0.7707804501750507,0.6813133472605527,0.8256197222920229,0.14430637503147015
independent_permutation,1024,umap,20,0.8842913224819258,0.8816200908392242,0.8860736085349792,0.004453517695754972
independent_permutation,2048,autog2m2,20,0.1421308892634522,0.04863208769814328,0.4028221068330733,0.35419001913493003
independent_permutation,2048,pca,20,0.8644172213315536,0.8339221688421594,0.8708228087577962,0.036900639915636746
independent_permutation,2048,umap,20,0.8804883852241586,0.8768357578445916,0.8864433340571116,0.009607576212520064
independent_permutation,4096,autog2m2,20,0.0942263616914434,0.01462186783841255,0.14522767694859887,0.13060580911018632
independent_permutation,4096,pca,20,0.8744574106664857,0.8726453723602,0.8781510695834721,0.005505697223272099
independent_permutation,4096,umap,20,0.9376894480042628,0.8694375786849218,0.9887466505384658,0.119309071853544
observed_genes,256,autog2m2,20,0.8227123813474756,0.7403681344570002,0.9303983047394041,0.19003017028240388
observed_genes,256,pca,20,0.9807526704695788,0.9706217941358702,0.9962578040012736,0.025636009865403375
observed_genes,256,umap,20,0.5704340870532076,0.5627771823609814,0.5902784474648815,0.027501265103900052
observed_genes,512,autog2m2,20,0.7397862016269261,0.6726367737433271,0.8501003876542587,0.17746361391093157
observed_genes,512,pca,20,0.9962578040012736,0.9008961764535782,0.9962578040012736,0.0953616275476954
observed_genes,512,umap,20,0.623370238861874,0.5857406821217691,0.6891198779239347,0.10337919580216559
observed_genes,1024,autog2m2,20,0.794755401731754,0.6149922633829887,0.8696785215841021,0.25468625820111335
observed_genes,1024,pca,20,0.9925379262715904,0.9917105060514596,0.9925379262715904,0.0008274202201308256
observed_genes,1024,umap,20,0.6535179918698834,0.6138753213745826,0.6684678653228379,0.0545925439482553
observed_genes,2048,autog2m2,20,0.8880096892964906,0.766455999845766,0.9635423295023053,0.19708632965653938
observed_genes,2048,pca,20,0.888645333749157,0.8483906141307233,0.9907046830195056,0.1423140688887824
observed_genes,2048,umap,20,0.665669086326076,0.6564481325841297,0.6683873842101192,0.011939251625989522
observed_genes,4096,autog2m2,20,0.9142574051069892,0.7312873703152396,0.9597114207778434,0.22842405046260383
observed_genes,4096,pca,20,0.9882828854836692,0.9249409160222442,0.991981870902717,0.06704095488047279
observed_genes,4096,umap,20,0.6661265456996432,0.6139472508903809,0.670382405896402,0.05643515500602103
structured_lowrank,256,autog2m2,20,0.8184139353145405,0.7035506897903578,0.8732476803458595,0.1696969905555017
structured_lowrank,256,pca,20,0.9807526704695788,0.9706217941358702,0.9962578040012736,0.025636009865403375
structured_lowrank,256,umap,20,0.5771747398830342,0.5640377170356823,0.6085783201964776,0.04454060316079533
structured_lowrank,512,autog2m2,20,0.8764614016663382,0.7390962990465726,0.9307652648870435,0.19166896584047088
structured_lowrank,512,pca,20,0.6145667936483379,0.5827520905743746,0.6669175073498249,0.08416541677545031
structured_lowrank,512,umap,20,0.7351959166615517,0.7255389800672183,0.8797049653361934,0.15416598526897507
structured_lowrank,1024,autog2m2,20,0.7187406561314268,0.6445547789223534,0.7911842108016385,0.14662943187928512
structured_lowrank,1024,pca,20,0.626621214769248,0.5969548149867919,0.6550720249373084,0.0581172099505165
structured_lowrank,1024,umap,20,0.7116705652384681,0.7003819335181305,0.795535415786933,0.09515348226880249
structured_lowrank,2048,autog2m2,20,0.599752911255788,0.548105632988549,0.6847301849695203,0.13662455198097134
structured_lowrank,2048,pca,20,0.6627383583124162,0.6275301403351957,0.6911957067943711,0.06366556645917543
structured_lowrank,2048,umap,20,0.7037952446557114,0.6958392426484613,0.7117184800730747,0.01587923742461339
structured_lowrank,4096,autog2m2,20,0.5993148042270597,0.45418789561820344,0.7099015579060433,0.2557136622878398
structured_lowrank,4096,pca,20,0.6829562007739081,0.6531386366387752,0.7447992403770773,0.0916606037383021
structured_lowrank,4096,umap,20,0.3595611247579385,0.33046973299197424,0.4162476944209462,0.08577796142897198
