method,purity
Euclidean kNN,0.6
Euclidean kNN,0.4666666666666667
Euclidean kNN,0.6666666666666666
Euclidean kNN,0.4666666666666667
Euclidean kNN,0.6666666666666666
Euclidean kNN,0.4666666666666667
Euclidean kNN,0.6
Euclidean kNN,0.6
Euclidean kNN,0.7333333333333333
Euclidean kNN,0.6
Euclidean kNN,0.5333333333333333
Euclidean kNN,0.4666666666666667
Euclidean kNN,0.26666666666666666
Euclidean kNN,0.26666666666666666
Euclidean kNN,0.4666666666666667
Euclidean kNN,0.4666666666666667
Euclidean kNN,0.3333333333333333
Euclidean kNN,0.4
Euclidean kNN,0.6
Euclidean kNN,0.3333333333333333
Euclidean kNN,0.4666666666666667
Euclidean kNN,0.4666666666666667
Euclidean kNN,0.6
Euclidean kNN,0.4
Euclidean kNN,0.5333333333333333
Euclidean kNN,0.6666666666666666
Euclidean kNN,0.26666666666666666
Euclidean kNN,0.8666666666666667
Euclidean kNN,0.4666666666666667
Euclidean kNN,0.5333333333333333
Euclidean kNN,0.4666666666666667
Euclidean kNN,0.6666666666666666
Euclidean kNN,0.4666666666666667
Euclidean kNN,0.4666666666666667
Euclidean kNN,0.7333333333333333
Euclidean kNN,0.4666666666666667
Euclidean kNN,0.5333333333333333
Euclidean kNN,0.5333333333333333
Euclidean kNN,0.3333333333333333
Euclidean kNN,0.4
Euclidean kNN,0.7333333333333333
Euclidean kNN,0.6
Euclidean kNN,0.4
Euclidean kNN,0.3333333333333333
Euclidean kNN,0.4666666666666667
Euclidean kNN,0.4666666666666667
Euclidean kNN,0.3333333333333333
Euclidean kNN,0.3333333333333333
Euclidean kNN,0.7333333333333333
Euclidean kNN,0.5333333333333333
Euclidean kNN,0.4
Euclidean kNN,0.8
Euclidean kNN,0.4666666666666667
Euclidean kNN,0.6
Euclidean kNN,0.6
Euclidean kNN,0.5333333333333333
Euclidean kNN,0.4
Euclidean kNN,0.4666666666666667
Euclidean kNN,0.3333333333333333
Euclidean kNN,0.4
Euclidean kNN,0.6666666666666666
Euclidean kNN,0.4
Euclidean kNN,0.4666666666666667
Euclidean kNN,0.4666666666666667
Euclidean kNN,0.26666666666666666
Euclidean kNN,0.7333333333333333
Euclidean kNN,0.5333333333333333
Euclidean kNN,0.5333333333333333
Euclidean kNN,0.6666666666666666
Euclidean kNN,0.6
Euclidean kNN,0.5333333333333333
Euclidean kNN,0.4
Euclidean kNN,0.6
Euclidean kNN,0.4
Euclidean kNN,0.8
Euclidean kNN,0.5333333333333333
Euclidean kNN,0.4
Euclidean kNN,0.7333333333333333
Euclidean kNN,0.6
Euclidean kNN,0.4666666666666667
Euclidean kNN,0.6
Euclidean kNN,0.26666666666666666
Euclidean kNN,0.5333333333333333
Euclidean kNN,0.4666666666666667
Euclidean kNN,0.5333333333333333
Euclidean kNN,0.6
Euclidean kNN,0.7333333333333333
Euclidean kNN,0.5333333333333333
Euclidean kNN,0.4666666666666667
Euclidean kNN,0.4
Euclidean kNN,0.5333333333333333
Euclidean kNN,0.3333333333333333
Euclidean kNN,0.6
Euclidean kNN,0.6
Euclidean kNN,0.7333333333333333
Euclidean kNN,0.4
Euclidean kNN,0.26666666666666666
Euclidean kNN,0.3333333333333333
Euclidean kNN,0.4666666666666667
Euclidean kNN,0.6666666666666666
Euclidean kNN,0.6
Euclidean kNN,0.6
Euclidean kNN,0.6666666666666666
Euclidean kNN,0.26666666666666666
Euclidean kNN,0.6
Euclidean kNN,0.5333333333333333
Euclidean kNN,0.5333333333333333
Euclidean kNN,0.6666666666666666
Euclidean kNN,0.6
Euclidean kNN,0.5333333333333333
Euclidean kNN,0.5333333333333333
Euclidean kNN,0.6666666666666666
Euclidean kNN,0.6666666666666666
Euclidean kNN,0.5333333333333333
Euclidean kNN,0.4666666666666667
Euclidean kNN,0.4
Euclidean kNN,0.5333333333333333
Euclidean kNN,0.4
Euclidean kNN,0.26666666666666666
Euclidean kNN,0.4666666666666667
Euclidean kNN,0.4
Euclidean kNN,0.6
Euclidean kNN,0.5333333333333333
Euclidean kNN,0.5333333333333333
Euclidean kNN,0.4
Euclidean kNN,0.5333333333333333
Euclidean kNN,0.4666666666666667
Euclidean kNN,0.4666666666666667
Euclidean kNN,0.5333333333333333
Euclidean kNN,0.5333333333333333
Euclidean kNN,0.7333333333333333
Euclidean kNN,0.4666666666666667
Euclidean kNN,0.3333333333333333
Euclidean kNN,0.3333333333333333
Euclidean kNN,0.8
Euclidean kNN,0.4
Euclidean kNN,0.3333333333333333
Euclidean kNN,0.4666666666666667
Euclidean kNN,0.6
Euclidean kNN,0.6666666666666666
Euclidean kNN,0.6
Euclidean kNN,0.26666666666666666
Euclidean kNN,0.4
Euclidean kNN,0.3333333333333333
Euclidean kNN,0.6
Euclidean kNN,0.4
Euclidean kNN,0.4666666666666667
Euclidean kNN,0.3333333333333333
Euclidean kNN,0.5333333333333333
Euclidean kNN,0.6666666666666666
Euclidean kNN,0.6666666666666666
Euclidean kNN,0.6666666666666666
Euclidean kNN,0.6
Euclidean kNN,0.5333333333333333
Euclidean kNN,0.26666666666666666
Euclidean kNN,0.5333333333333333
Euclidean kNN,0.4
Euclidean kNN,0.3333333333333333
Euclidean kNN,0.7333333333333333
Euclidean kNN,0.5333333333333333
Euclidean kNN,0.6
Euclidean kNN,0.5333333333333333
Euclidean kNN,0.4
Euclidean kNN,0.4666666666666667
Euclidean kNN,0.5333333333333333
Euclidean kNN,0.26666666666666666
Euclidean kNN,0.6
Euclidean kNN,0.4666666666666667
Euclidean kNN,0.4666666666666667
Euclidean kNN,0.4666666666666667
Euclidean kNN,0.4
Euclidean kNN,0.3333333333333333
Euclidean kNN,0.8
Euclidean kNN,0.6
Euclidean kNN,0.3333333333333333
Euclidean kNN,0.3333333333333333
Euclidean kNN,0.4666666666666667
Euclidean kNN,0.4666666666666667
Euclidean kNN,0.6666666666666666
Euclidean kNN,0.6
Euclidean kNN,0.6
Euclidean kNN,0.6
Euclidean kNN,0.6
Euclidean kNN,0.6666666666666666
Euclidean kNN,0.5333333333333333
Euclidean kNN,0.4
Euclidean kNN,0.7333333333333333
Euclidean kNN,0.4
Euclidean kNN,0.4
Euclidean kNN,0.4666666666666667
Euclidean kNN,0.4666666666666667
Euclidean kNN,0.4
Euclidean kNN,0.4
Euclidean kNN,0.6666666666666666
Euclidean kNN,0.5333333333333333
Euclidean kNN,0.6
Euclidean kNN,0.5333333333333333
Euclidean kNN,0.6
Euclidean kNN,0.6666666666666666
Euclidean kNN,0.4
Euclidean kNN,0.6666666666666666
Euclidean kNN,0.4666666666666667
Euclidean kNN,0.5333333333333333
Euclidean kNN,0.4666666666666667
Euclidean kNN,0.5333333333333333
Euclidean kNN,0.3333333333333333
Euclidean kNN,0.6
Euclidean kNN,0.4
Euclidean kNN,0.7333333333333333
Euclidean kNN,0.5333333333333333
Euclidean kNN,0.4
Euclidean kNN,0.3333333333333333
Euclidean kNN,0.4666666666666667
Euclidean kNN,0.7333333333333333
Euclidean kNN,0.6
Euclidean kNN,0.6
Euclidean kNN,0.5333333333333333
Euclidean kNN,0.3333333333333333
Euclidean kNN,0.5333333333333333
Euclidean kNN,0.3333333333333333
Euclidean kNN,0.3333333333333333
Euclidean kNN,0.4
Euclidean kNN,0.4
Euclidean kNN,0.6
Euclidean kNN,0.6
Euclidean kNN,0.4666666666666667
Euclidean kNN,0.4
Euclidean kNN,0.5333333333333333
Euclidean kNN,0.5333333333333333
Euclidean kNN,0.4666666666666667
Euclidean kNN,0.6666666666666666
Euclidean kNN,0.4666666666666667
Euclidean kNN,0.26666666666666666
Euclidean kNN,0.4
Euclidean kNN,0.6666666666666666
Euclidean kNN,0.7333333333333333
Euclidean kNN,0.6666666666666666
Euclidean kNN,0.5333333333333333
Euclidean kNN,0.6666666666666666
Euclidean kNN,0.6666666666666666
Euclidean kNN,0.6
Euclidean kNN,0.6666666666666666
Euclidean kNN,0.5333333333333333
Euclidean kNN,0.4666666666666667
Euclidean kNN,0.5333333333333333
Euclidean kNN,0.4666666666666667
Euclidean kNN,0.5333333333333333
Euclidean kNN,0.4666666666666667
Euclidean kNN,0.3333333333333333
Euclidean kNN,0.3333333333333333
Euclidean kNN,0.6666666666666666
Euclidean kNN,0.6666666666666666
Euclidean kNN,0.6
Euclidean kNN,0.5333333333333333
Euclidean kNN,0.5333333333333333
Euclidean kNN,0.6
Euclidean kNN,0.6666666666666666
Euclidean kNN,0.6
Euclidean kNN,0.6
Euclidean kNN,0.4
Euclidean kNN,0.4
Euclidean kNN,0.4
Euclidean kNN,0.5333333333333333
Euclidean kNN,0.6666666666666666
Euclidean kNN,0.26666666666666666
Euclidean kNN,0.4
Euclidean kNN,0.6
Euclidean kNN,0.2
Euclidean kNN,0.3333333333333333
Euclidean kNN,0.13333333333333333
Euclidean kNN,0.3333333333333333
Euclidean kNN,0.5333333333333333
Euclidean kNN,0.7333333333333333
Euclidean kNN,0.4666666666666667
Euclidean kNN,0.4
Euclidean kNN,0.5333333333333333
Euclidean kNN,0.3333333333333333
Euclidean kNN,0.4
Euclidean kNN,0.3333333333333333
Euclidean kNN,0.26666666666666666
Euclidean kNN,0.4666666666666667
Euclidean kNN,0.8
Euclidean kNN,0.3333333333333333
Euclidean kNN,0.6
Euclidean kNN,0.4
Euclidean kNN,0.3333333333333333
Euclidean kNN,0.5333333333333333
Euclidean kNN,0.4
Euclidean kNN,0.4666666666666667
Euclidean kNN,0.6
Euclidean kNN,0.5333333333333333
Euclidean kNN,0.3333333333333333
Euclidean kNN,0.5333333333333333
Euclidean kNN,0.6
Euclidean kNN,0.6
Euclidean kNN,0.26666666666666666
Euclidean kNN,0.26666666666666666
Euclidean kNN,0.4666666666666667
Euclidean kNN,0.6
Euclidean kNN,0.6
Euclidean kNN,0.6
Euclidean kNN,0.5333333333333333
Euclidean kNN,0.4
Euclidean kNN,0.4
Euclidean kNN,0.5333333333333333
Euclidean kNN,0.4666666666666667
Euclidean kNN,0.5333333333333333
Euclidean kNN,0.3333333333333333
Euclidean kNN,0.5333333333333333
Euclidean kNN,0.3333333333333333
Euclidean kNN,0.6666666666666666
Euclidean kNN,0.4666666666666667
Euclidean kNN,0.5333333333333333
Euclidean kNN,0.6
Euclidean kNN,0.4666666666666667
Euclidean kNN,0.5333333333333333
Euclidean kNN,0.6
Euclidean kNN,0.4
Euclidean kNN,0.6666666666666666
Euclidean kNN,0.4666666666666667
Euclidean kNN,0.6
Euclidean kNN,0.6
Euclidean kNN,0.4666666666666667
Euclidean kNN,0.5333333333333333
Euclidean kNN,0.4666666666666667
Euclidean kNN,0.4666666666666667
Euclidean kNN,0.4666666666666667
Euclidean kNN,0.4666666666666667
Euclidean kNN,0.6
Euclidean kNN,0.4666666666666667
Euclidean kNN,0.3333333333333333
Euclidean kNN,0.5333333333333333
Euclidean kNN,0.6666666666666666
Euclidean kNN,0.5333333333333333
Euclidean kNN,0.6
Euclidean kNN,0.4666666666666667
Euclidean kNN,0.4
Euclidean kNN,0.4666666666666667
Euclidean kNN,0.4
Euclidean kNN,0.6666666666666666
Euclidean kNN,0.4666666666666667
Euclidean kNN,0.4666666666666667
Euclidean kNN,0.7333333333333333
Euclidean kNN,0.26666666666666666
Euclidean kNN,0.8
Euclidean kNN,0.6
Euclidean kNN,0.4666666666666667
Euclidean kNN,0.4
Euclidean kNN,0.6666666666666666
Euclidean kNN,0.3333333333333333
Euclidean kNN,0.4
Euclidean kNN,0.5333333333333333
Euclidean kNN,0.3333333333333333
Euclidean kNN,0.4666666666666667
Euclidean kNN,0.4666666666666667
Euclidean kNN,0.26666666666666666
Euclidean kNN,0.3333333333333333
Euclidean kNN,0.5333333333333333
Euclidean kNN,0.4
Euclidean kNN,0.6666666666666666
Euclidean kNN,0.8
Euclidean kNN,0.5333333333333333
Euclidean kNN,0.6
Euclidean kNN,0.4666666666666667
Euclidean kNN,0.26666666666666666
Euclidean kNN,0.26666666666666666
Euclidean kNN,0.5333333333333333
Euclidean kNN,0.5333333333333333
Euclidean kNN,0.26666666666666666
Euclidean kNN,0.3333333333333333
Euclidean kNN,0.6
Euclidean kNN,0.6666666666666666
Euclidean kNN,0.13333333333333333
Euclidean kNN,0.4
Euclidean kNN,0.5333333333333333
Euclidean kNN,0.4
Euclidean kNN,0.4666666666666667
Euclidean kNN,0.5333333333333333
Euclidean kNN,0.4666666666666667
Euclidean kNN,0.6
Euclidean kNN,0.4666666666666667
Euclidean kNN,0.26666666666666666
Euclidean kNN,0.5333333333333333
Euclidean kNN,0.4
Euclidean kNN,0.6
Euclidean kNN,0.4666666666666667
Euclidean kNN,0.3333333333333333
Euclidean kNN,0.4666666666666667
Euclidean kNN,0.4666666666666667
Euclidean kNN,0.6
Euclidean kNN,0.6666666666666666
Euclidean kNN,0.3333333333333333
Euclidean kNN,0.6
Euclidean kNN,0.4666666666666667
Euclidean kNN,0.3333333333333333
Euclidean kNN,0.6
Euclidean kNN,0.4666666666666667
Euclidean kNN,0.3333333333333333
Euclidean kNN,0.5333333333333333
Euclidean kNN,0.6
Euclidean kNN,0.3333333333333333
Euclidean kNN,0.4666666666666667
Euclidean kNN,0.3333333333333333
Euclidean kNN,0.4
Euclidean kNN,0.3333333333333333
Euclidean kNN,0.2
Euclidean kNN,0.26666666666666666
Euclidean kNN,0.7333333333333333
Euclidean kNN,0.6666666666666666
Euclidean kNN,0.3333333333333333
Euclidean kNN,0.3333333333333333
Euclidean kNN,0.4
Euclidean kNN,0.4
Euclidean kNN,0.4666666666666667
Euclidean kNN,0.4666666666666667
Euclidean kNN,0.4
Euclidean kNN,0.5333333333333333
Euclidean kNN,0.4
Euclidean kNN,0.5333333333333333
Euclidean kNN,0.4
Euclidean kNN,0.4
Euclidean kNN,0.26666666666666666
Euclidean kNN,0.4
Euclidean kNN,0.26666666666666666
Euclidean kNN,0.2
Euclidean kNN,0.3333333333333333
Euclidean kNN,0.4
Euclidean kNN,0.4
Euclidean kNN,0.4666666666666667
Euclidean kNN,0.6666666666666666
Euclidean kNN,0.4
Euclidean kNN,0.3333333333333333
Euclidean kNN,0.3333333333333333
Euclidean kNN,0.4
Euclidean kNN,0.5333333333333333
Euclidean kNN,0.5333333333333333
Euclidean kNN,0.5333333333333333
Euclidean kNN,0.3333333333333333
Euclidean kNN,0.6
Euclidean kNN,0.4666666666666667
Euclidean kNN,0.4666666666666667
Euclidean kNN,0.4
Euclidean kNN,0.6666666666666666
Euclidean kNN,0.5333333333333333
Euclidean kNN,0.26666666666666666
Euclidean kNN,0.4666666666666667
Euclidean kNN,0.26666666666666666
Euclidean kNN,0.5333333333333333
Euclidean kNN,0.4666666666666667
Euclidean kNN,0.5333333333333333
Euclidean kNN,0.6
Euclidean kNN,0.13333333333333333
Euclidean kNN,0.4666666666666667
Euclidean kNN,0.3333333333333333
Euclidean kNN,0.4666666666666667
Euclidean kNN,0.4
Euclidean kNN,0.5333333333333333
Euclidean kNN,0.5333333333333333
Euclidean kNN,0.4
Euclidean kNN,0.4666666666666667
Euclidean kNN,0.4
Euclidean kNN,0.6
Euclidean kNN,0.4
Euclidean kNN,0.4
Euclidean kNN,0.26666666666666666
Euclidean kNN,0.3333333333333333
Euclidean kNN,0.4666666666666667
Euclidean kNN,0.5333333333333333
Euclidean kNN,0.4666666666666667
Euclidean kNN,0.5333333333333333
Euclidean kNN,0.4
Euclidean kNN,0.4666666666666667
Euclidean kNN,0.5333333333333333
Euclidean kNN,0.5333333333333333
Euclidean kNN,0.6
Euclidean kNN,0.4666666666666667
Euclidean kNN,0.4
Euclidean kNN,0.4666666666666667
Euclidean kNN,0.26666666666666666
Euclidean kNN,0.4
Euclidean kNN,0.6666666666666666
Euclidean kNN,0.3333333333333333
Euclidean kNN,0.2
Euclidean kNN,0.4
Euclidean kNN,0.3333333333333333
Euclidean kNN,0.3333333333333333
Euclidean kNN,0.4666666666666667
Euclidean kNN,0.4
Euclidean kNN,0.4
Euclidean kNN,0.5333333333333333
Euclidean kNN,0.13333333333333333
Euclidean kNN,0.26666666666666666
Euclidean kNN,0.26666666666666666
Euclidean kNN,0.5333333333333333
Euclidean kNN,0.4
Euclidean kNN,0.4666666666666667
Euclidean kNN,0.3333333333333333
Euclidean kNN,0.2
Euclidean kNN,0.6666666666666666
Euclidean kNN,0.4
Euclidean kNN,0.4
Euclidean kNN,0.4666666666666667
Euclidean kNN,0.26666666666666666
Euclidean kNN,0.3333333333333333
Euclidean kNN,0.7333333333333333
Euclidean kNN,0.5333333333333333
Euclidean kNN,0.7333333333333333
Euclidean kNN,0.3333333333333333
Euclidean kNN,0.26666666666666666
Euclidean kNN,0.4666666666666667
Euclidean kNN,0.4666666666666667
Euclidean kNN,0.26666666666666666
Euclidean kNN,0.4666666666666667
Euclidean kNN,0.4666666666666667
Euclidean kNN,0.3333333333333333
Euclidean kNN,0.4666666666666667
Euclidean kNN,0.3333333333333333
Euclidean kNN,0.6
Euclidean kNN,0.6
Euclidean kNN,0.5333333333333333
Euclidean kNN,0.26666666666666666
Euclidean kNN,0.6
Euclidean kNN,0.4
Euclidean kNN,0.4666666666666667
Euclidean kNN,0.5333333333333333
Euclidean kNN,0.4
Euclidean kNN,0.3333333333333333
Euclidean kNN,0.5333333333333333
Euclidean kNN,0.3333333333333333
Euclidean kNN,0.3333333333333333
Euclidean kNN,0.3333333333333333
Euclidean kNN,0.4666666666666667
Euclidean kNN,0.3333333333333333
Euclidean kNN,0.3333333333333333
Euclidean kNN,0.4
Euclidean kNN,0.6
Euclidean kNN,0.26666666666666666
Euclidean kNN,0.3333333333333333
Euclidean kNN,0.13333333333333333
Euclidean kNN,0.26666666666666666
Euclidean kNN,0.4
Euclidean kNN,0.2
Euclidean kNN,0.4
Euclidean kNN,0.26666666666666666
Euclidean kNN,0.26666666666666666
Euclidean kNN,0.5333333333333333
Euclidean kNN,0.3333333333333333
Euclidean kNN,0.3333333333333333
Euclidean kNN,0.26666666666666666
Euclidean kNN,0.4666666666666667
Euclidean kNN,0.6
Euclidean kNN,0.26666666666666666
Euclidean kNN,0.3333333333333333
Euclidean kNN,0.4666666666666667
Euclidean kNN,0.26666666666666666
Euclidean kNN,0.6
Euclidean kNN,0.6
Euclidean kNN,0.4666666666666667
Euclidean kNN,0.4666666666666667
Euclidean kNN,0.6
Euclidean kNN,0.4666666666666667
Euclidean kNN,0.4666666666666667
Euclidean kNN,0.4666666666666667
Euclidean kNN,0.4666666666666667
Euclidean kNN,0.5333333333333333
Euclidean kNN,0.6666666666666666
Euclidean kNN,0.4666666666666667
Euclidean kNN,0.6666666666666666
Euclidean kNN,0.5333333333333333
Euclidean kNN,0.3333333333333333
Euclidean kNN,0.3333333333333333
Euclidean kNN,0.4
Euclidean kNN,0.3333333333333333
Euclidean kNN,0.4666666666666667
Euclidean kNN,0.4666666666666667
Euclidean kNN,0.3333333333333333
Euclidean kNN,0.4666666666666667
Euclidean kNN,0.4
Euclidean kNN,0.6666666666666666
Euclidean kNN,0.6666666666666666
Euclidean kNN,0.4
Euclidean kNN,0.4666666666666667
Euclidean kNN,0.4
Euclidean kNN,0.3333333333333333
Euclidean kNN,0.6
Euclidean kNN,0.7333333333333333
Euclidean kNN,0.4666666666666667
Euclidean kNN,0.2
Euclidean kNN,0.26666666666666666
Euclidean kNN,0.5333333333333333
Euclidean kNN,0.3333333333333333
Euclidean kNN,0.4
Euclidean kNN,0.26666666666666666
Euclidean kNN,0.5333333333333333
Euclidean kNN,0.6
Euclidean kNN,0.7333333333333333
Euclidean kNN,0.26666666666666666
Euclidean kNN,0.4
Euclidean kNN,0.4
Euclidean kNN,0.4
UMAP graph,0.6666666666666666
UMAP graph,0.3333333333333333
UMAP graph,0.5333333333333333
UMAP graph,0.4666666666666667
UMAP graph,0.7333333333333333
UMAP graph,0.3333333333333333
UMAP graph,0.5333333333333333
UMAP graph,0.6
UMAP graph,0.8
UMAP graph,0.5333333333333333
UMAP graph,0.4666666666666667
UMAP graph,0.4
UMAP graph,0.3333333333333333
UMAP graph,0.3333333333333333
UMAP graph,0.5333333333333333
UMAP graph,0.6
UMAP graph,0.26666666666666666
UMAP graph,0.4666666666666667
UMAP graph,0.6666666666666666
UMAP graph,0.3333333333333333
UMAP graph,0.4
UMAP graph,0.4666666666666667
UMAP graph,0.5333333333333333
UMAP graph,0.4
UMAP graph,0.4666666666666667
UMAP graph,0.8
UMAP graph,0.26666666666666666
UMAP graph,0.8666666666666667
UMAP graph,0.4
UMAP graph,0.5333333333333333
UMAP graph,0.4
UMAP graph,0.6666666666666666
UMAP graph,0.4
UMAP graph,0.3333333333333333
UMAP graph,0.6666666666666666
UMAP graph,0.6
UMAP graph,0.4
UMAP graph,0.5333333333333333
UMAP graph,0.4
UMAP graph,0.4
UMAP graph,0.6666666666666666
UMAP graph,0.6
UMAP graph,0.4666666666666667
UMAP graph,0.26666666666666666
UMAP graph,0.5333333333333333
UMAP graph,0.4
UMAP graph,0.26666666666666666
UMAP graph,0.4
UMAP graph,0.6666666666666666
UMAP graph,0.5333333333333333
UMAP graph,0.3333333333333333
UMAP graph,0.8
UMAP graph,0.4
UMAP graph,0.5333333333333333
UMAP graph,0.5333333333333333
UMAP graph,0.5333333333333333
UMAP graph,0.3333333333333333
UMAP graph,0.4666666666666667
UMAP graph,0.3333333333333333
UMAP graph,0.3333333333333333
UMAP graph,0.6666666666666666
UMAP graph,0.5333333333333333
UMAP graph,0.4666666666666667
UMAP graph,0.3333333333333333
UMAP graph,0.26666666666666666
UMAP graph,0.6666666666666666
UMAP graph,0.5333333333333333
UMAP graph,0.5333333333333333
UMAP graph,0.6666666666666666
UMAP graph,0.6
UMAP graph,0.6666666666666666
UMAP graph,0.5333333333333333
UMAP graph,0.6666666666666666
UMAP graph,0.4
UMAP graph,0.8
UMAP graph,0.5333333333333333
UMAP graph,0.4
UMAP graph,0.7333333333333333
UMAP graph,0.6
UMAP graph,0.4666666666666667
UMAP graph,0.6
UMAP graph,0.4
UMAP graph,0.5333333333333333
UMAP graph,0.4666666666666667
UMAP graph,0.4666666666666667
UMAP graph,0.6
UMAP graph,0.8
UMAP graph,0.4666666666666667
UMAP graph,0.4666666666666667
UMAP graph,0.4
UMAP graph,0.5333333333333333
UMAP graph,0.6
UMAP graph,0.6
UMAP graph,0.5333333333333333
UMAP graph,0.6666666666666666
UMAP graph,0.5333333333333333
UMAP graph,0.4666666666666667
UMAP graph,0.4
UMAP graph,0.4666666666666667
UMAP graph,0.6
UMAP graph,0.6
UMAP graph,0.7333333333333333
UMAP graph,0.6
UMAP graph,0.26666666666666666
UMAP graph,0.6
UMAP graph,0.5333333333333333
UMAP graph,0.6
UMAP graph,0.7333333333333333
UMAP graph,0.5333333333333333
UMAP graph,0.5333333333333333
UMAP graph,0.5333333333333333
UMAP graph,0.8666666666666667
UMAP graph,0.6
UMAP graph,0.6666666666666666
UMAP graph,0.6666666666666666
UMAP graph,0.4
UMAP graph,0.4666666666666667
UMAP graph,0.4
UMAP graph,0.26666666666666666
UMAP graph,0.5333333333333333
UMAP graph,0.4
UMAP graph,0.6666666666666666
UMAP graph,0.6666666666666666
UMAP graph,0.5333333333333333
UMAP graph,0.4
UMAP graph,0.5333333333333333
UMAP graph,0.4666666666666667
UMAP graph,0.4666666666666667
UMAP graph,0.6
UMAP graph,0.4666666666666667
UMAP graph,0.6666666666666666
UMAP graph,0.4666666666666667
UMAP graph,0.26666666666666666
UMAP graph,0.3333333333333333
UMAP graph,0.7333333333333333
UMAP graph,0.4
UMAP graph,0.3333333333333333
UMAP graph,0.5333333333333333
UMAP graph,0.4666666666666667
UMAP graph,0.6
UMAP graph,0.6
UMAP graph,0.4
UMAP graph,0.4
UMAP graph,0.5333333333333333
UMAP graph,0.6
UMAP graph,0.5333333333333333
UMAP graph,0.4
UMAP graph,0.3333333333333333
UMAP graph,0.4666666666666667
UMAP graph,0.6666666666666666
UMAP graph,0.6666666666666666
UMAP graph,0.6
UMAP graph,0.5333333333333333
UMAP graph,0.4666666666666667
UMAP graph,0.3333333333333333
UMAP graph,0.4666666666666667
UMAP graph,0.4666666666666667
UMAP graph,0.3333333333333333
UMAP graph,0.7333333333333333
UMAP graph,0.5333333333333333
UMAP graph,0.5333333333333333
UMAP graph,0.5333333333333333
UMAP graph,0.4
UMAP graph,0.5333333333333333
UMAP graph,0.4666666666666667
UMAP graph,0.26666666666666666
UMAP graph,0.6
UMAP graph,0.4666666666666667
UMAP graph,0.4666666666666667
UMAP graph,0.5333333333333333
UMAP graph,0.4
UMAP graph,0.4
UMAP graph,0.6666666666666666
UMAP graph,0.6
UMAP graph,0.4
UMAP graph,0.4
UMAP graph,0.4666666666666667
UMAP graph,0.4
UMAP graph,0.6666666666666666
UMAP graph,0.6
UMAP graph,0.6
UMAP graph,0.6
UMAP graph,0.6
UMAP graph,0.6666666666666666
UMAP graph,0.6
UMAP graph,0.4
UMAP graph,0.6666666666666666
UMAP graph,0.4666666666666667
UMAP graph,0.3333333333333333
UMAP graph,0.4
UMAP graph,0.4666666666666667
UMAP graph,0.3333333333333333
UMAP graph,0.4666666666666667
UMAP graph,0.6666666666666666
UMAP graph,0.5333333333333333
UMAP graph,0.4666666666666667
UMAP graph,0.4666666666666667
UMAP graph,0.6
UMAP graph,0.6
UMAP graph,0.5333333333333333
UMAP graph,0.6666666666666666
UMAP graph,0.6
UMAP graph,0.4666666666666667
UMAP graph,0.4666666666666667
UMAP graph,0.6666666666666666
UMAP graph,0.6
UMAP graph,0.5333333333333333
UMAP graph,0.26666666666666666
UMAP graph,0.7333333333333333
UMAP graph,0.5333333333333333
UMAP graph,0.4
UMAP graph,0.3333333333333333
UMAP graph,0.4666666666666667
UMAP graph,0.6666666666666666
UMAP graph,0.6
UMAP graph,0.6
UMAP graph,0.5333333333333333
UMAP graph,0.3333333333333333
UMAP graph,0.5333333333333333
UMAP graph,0.26666666666666666
UMAP graph,0.4666666666666667
UMAP graph,0.4
UMAP graph,0.4
UMAP graph,0.26666666666666666
UMAP graph,0.6
UMAP graph,0.4666666666666667
UMAP graph,0.3333333333333333
UMAP graph,0.4666666666666667
UMAP graph,0.6
UMAP graph,0.4666666666666667
UMAP graph,0.6666666666666666
UMAP graph,0.5333333333333333
UMAP graph,0.26666666666666666
UMAP graph,0.3333333333333333
UMAP graph,0.6666666666666666
UMAP graph,0.8
UMAP graph,0.6666666666666666
UMAP graph,0.5333333333333333
UMAP graph,0.6666666666666666
UMAP graph,0.6
UMAP graph,0.5333333333333333
UMAP graph,0.7333333333333333
UMAP graph,0.5333333333333333
UMAP graph,0.3333333333333333
UMAP graph,0.5333333333333333
UMAP graph,0.4
UMAP graph,0.6666666666666666
UMAP graph,0.4666666666666667
UMAP graph,0.26666666666666666
UMAP graph,0.3333333333333333
UMAP graph,0.6
UMAP graph,0.6
UMAP graph,0.6
UMAP graph,0.4666666666666667
UMAP graph,0.5333333333333333
UMAP graph,0.4666666666666667
UMAP graph,0.6666666666666666
UMAP graph,0.4666666666666667
UMAP graph,0.6
UMAP graph,0.06666666666666667
UMAP graph,0.4
UMAP graph,0.3333333333333333
UMAP graph,0.4666666666666667
UMAP graph,0.6
UMAP graph,0.3333333333333333
UMAP graph,0.4
UMAP graph,0.5333333333333333
UMAP graph,0.2
UMAP graph,0.3333333333333333
UMAP graph,0.2
UMAP graph,0.3333333333333333
UMAP graph,0.6666666666666666
UMAP graph,0.6666666666666666
UMAP graph,0.4666666666666667
UMAP graph,0.5333333333333333
UMAP graph,0.6
UMAP graph,0.26666666666666666
UMAP graph,0.4
UMAP graph,0.3333333333333333
UMAP graph,0.26666666666666666
UMAP graph,0.4666666666666667
UMAP graph,0.7333333333333333
UMAP graph,0.3333333333333333
UMAP graph,0.6
UMAP graph,0.4666666666666667
UMAP graph,0.3333333333333333
UMAP graph,0.5333333333333333
UMAP graph,0.5333333333333333
UMAP graph,0.4
UMAP graph,0.6
UMAP graph,0.5333333333333333
UMAP graph,0.26666666666666666
UMAP graph,0.6
UMAP graph,0.6666666666666666
UMAP graph,0.6
UMAP graph,0.13333333333333333
UMAP graph,0.3333333333333333
UMAP graph,0.4
UMAP graph,0.5333333333333333
UMAP graph,0.6666666666666666
UMAP graph,0.6
UMAP graph,0.4666666666666667
UMAP graph,0.5333333333333333
UMAP graph,0.4
UMAP graph,0.5333333333333333
UMAP graph,0.4666666666666667
UMAP graph,0.6
UMAP graph,0.6
UMAP graph,0.4666666666666667
UMAP graph,0.4666666666666667
UMAP graph,0.7333333333333333
UMAP graph,0.4666666666666667
UMAP graph,0.5333333333333333
UMAP graph,0.5333333333333333
UMAP graph,0.4666666666666667
UMAP graph,0.4666666666666667
UMAP graph,0.6
UMAP graph,0.4
UMAP graph,0.6666666666666666
UMAP graph,0.6
UMAP graph,0.6
UMAP graph,0.6
UMAP graph,0.3333333333333333
UMAP graph,0.5333333333333333
UMAP graph,0.4
UMAP graph,0.26666666666666666
UMAP graph,0.4
UMAP graph,0.5333333333333333
UMAP graph,0.6666666666666666
UMAP graph,0.4666666666666667
UMAP graph,0.7333333333333333
UMAP graph,0.5333333333333333
UMAP graph,0.6
UMAP graph,0.5333333333333333
UMAP graph,0.7333333333333333
UMAP graph,0.4666666666666667
UMAP graph,0.4
UMAP graph,0.4666666666666667
UMAP graph,0.4
UMAP graph,0.6666666666666666
UMAP graph,0.3333333333333333
UMAP graph,0.4
UMAP graph,0.6666666666666666
UMAP graph,0.26666666666666666
UMAP graph,0.8
UMAP graph,0.6666666666666666
UMAP graph,0.4
UMAP graph,0.4
UMAP graph,0.6
UMAP graph,0.4
UMAP graph,0.3333333333333333
UMAP graph,0.4666666666666667
UMAP graph,0.4666666666666667
UMAP graph,0.5333333333333333
UMAP graph,0.4666666666666667
UMAP graph,0.3333333333333333
UMAP graph,0.5333333333333333
UMAP graph,0.6
UMAP graph,0.26666666666666666
UMAP graph,0.6
UMAP graph,0.6666666666666666
UMAP graph,0.5333333333333333
UMAP graph,0.7333333333333333
UMAP graph,0.4
UMAP graph,0.4
UMAP graph,0.4
UMAP graph,0.4666666666666667
UMAP graph,0.6
UMAP graph,0.3333333333333333
UMAP graph,0.26666666666666666
UMAP graph,0.6
UMAP graph,0.6
UMAP graph,0.13333333333333333
UMAP graph,0.5333333333333333
UMAP graph,0.4666666666666667
UMAP graph,0.4
UMAP graph,0.4666666666666667
UMAP graph,0.4666666666666667
UMAP graph,0.4666666666666667
UMAP graph,0.6
UMAP graph,0.4666666666666667
UMAP graph,0.3333333333333333
UMAP graph,0.4666666666666667
UMAP graph,0.4
UMAP graph,0.5333333333333333
UMAP graph,0.4
UMAP graph,0.4666666666666667
UMAP graph,0.4
UMAP graph,0.4666666666666667
UMAP graph,0.6
UMAP graph,0.6666666666666666
UMAP graph,0.3333333333333333
UMAP graph,0.6
UMAP graph,0.4
UMAP graph,0.3333333333333333
UMAP graph,0.6666666666666666
UMAP graph,0.4
UMAP graph,0.2
UMAP graph,0.4666666666666667
UMAP graph,0.6
UMAP graph,0.4
UMAP graph,0.4666666666666667
UMAP graph,0.3333333333333333
UMAP graph,0.3333333333333333
UMAP graph,0.3333333333333333
UMAP graph,0.26666666666666666
UMAP graph,0.3333333333333333
UMAP graph,0.6666666666666666
UMAP graph,0.7333333333333333
UMAP graph,0.4
UMAP graph,0.4
UMAP graph,0.4
UMAP graph,0.4666666666666667
UMAP graph,0.4666666666666667
UMAP graph,0.4
UMAP graph,0.6
UMAP graph,0.6
UMAP graph,0.4666666666666667
UMAP graph,0.5333333333333333
UMAP graph,0.4666666666666667
UMAP graph,0.4666666666666667
UMAP graph,0.3333333333333333
UMAP graph,0.4666666666666667
UMAP graph,0.3333333333333333
UMAP graph,0.4666666666666667
UMAP graph,0.4
UMAP graph,0.3333333333333333
UMAP graph,0.4666666666666667
UMAP graph,0.4666666666666667
UMAP graph,0.8
UMAP graph,0.4666666666666667
UMAP graph,0.4
UMAP graph,0.3333333333333333
UMAP graph,0.4
UMAP graph,0.6
UMAP graph,0.5333333333333333
UMAP graph,0.6
UMAP graph,0.3333333333333333
UMAP graph,0.6
UMAP graph,0.5333333333333333
UMAP graph,0.4666666666666667
UMAP graph,0.5333333333333333
UMAP graph,0.6
UMAP graph,0.6
UMAP graph,0.3333333333333333
UMAP graph,0.4666666666666667
UMAP graph,0.26666666666666666
UMAP graph,0.4666666666666667
UMAP graph,0.5333333333333333
UMAP graph,0.5333333333333333
UMAP graph,0.6
UMAP graph,0.2
UMAP graph,0.5333333333333333
UMAP graph,0.6
UMAP graph,0.4666666666666667
UMAP graph,0.4
UMAP graph,0.6
UMAP graph,0.5333333333333333
UMAP graph,0.4
UMAP graph,0.5333333333333333
UMAP graph,0.4666666666666667
UMAP graph,0.7333333333333333
UMAP graph,0.4666666666666667
UMAP graph,0.4
UMAP graph,0.3333333333333333
UMAP graph,0.4
UMAP graph,0.5333333333333333
UMAP graph,0.4
UMAP graph,0.5333333333333333
UMAP graph,0.5333333333333333
UMAP graph,0.4666666666666667
UMAP graph,0.4666666666666667
UMAP graph,0.5333333333333333
UMAP graph,0.6
UMAP graph,0.6666666666666666
UMAP graph,0.6666666666666666
UMAP graph,0.3333333333333333
UMAP graph,0.4666666666666667
UMAP graph,0.3333333333333333
UMAP graph,0.3333333333333333
UMAP graph,0.6666666666666666
UMAP graph,0.4666666666666667
UMAP graph,0.26666666666666666
UMAP graph,0.4666666666666667
UMAP graph,0.4
UMAP graph,0.3333333333333333
UMAP graph,0.5333333333333333
UMAP graph,0.4
UMAP graph,0.4666666666666667
UMAP graph,0.6
UMAP graph,0.3333333333333333
UMAP graph,0.3333333333333333
UMAP graph,0.3333333333333333
UMAP graph,0.6
UMAP graph,0.4666666666666667
UMAP graph,0.4666666666666667
UMAP graph,0.4
UMAP graph,0.26666666666666666
UMAP graph,0.6666666666666666
UMAP graph,0.4666666666666667
UMAP graph,0.4
UMAP graph,0.5333333333333333
UMAP graph,0.4666666666666667
UMAP graph,0.4
UMAP graph,0.7333333333333333
UMAP graph,0.5333333333333333
UMAP graph,0.4666666666666667
UMAP graph,0.4
UMAP graph,0.3333333333333333
UMAP graph,0.5333333333333333
UMAP graph,0.4666666666666667
UMAP graph,0.26666666666666666
UMAP graph,0.4666666666666667
UMAP graph,0.4666666666666667
UMAP graph,0.4
UMAP graph,0.5333333333333333
UMAP graph,0.4
UMAP graph,0.6
UMAP graph,0.6
UMAP graph,0.4
UMAP graph,0.26666666666666666
UMAP graph,0.6
UMAP graph,0.4666666666666667
UMAP graph,0.4
UMAP graph,0.6
UMAP graph,0.4666666666666667
UMAP graph,0.26666666666666666
UMAP graph,0.6
UMAP graph,0.4
UMAP graph,0.3333333333333333
UMAP graph,0.3333333333333333
UMAP graph,0.4666666666666667
UMAP graph,0.3333333333333333
UMAP graph,0.4
UMAP graph,0.4
UMAP graph,0.5333333333333333
UMAP graph,0.3333333333333333
UMAP graph,0.2
UMAP graph,0.2
UMAP graph,0.3333333333333333
UMAP graph,0.3333333333333333
UMAP graph,0.3333333333333333
UMAP graph,0.4
UMAP graph,0.4666666666666667
UMAP graph,0.26666666666666666
UMAP graph,0.6
UMAP graph,0.3333333333333333
UMAP graph,0.4
UMAP graph,0.4
UMAP graph,0.4666666666666667
UMAP graph,0.6
UMAP graph,0.3333333333333333
UMAP graph,0.4
UMAP graph,0.4
UMAP graph,0.4
UMAP graph,0.6
UMAP graph,0.6666666666666666
UMAP graph,0.4666666666666667
UMAP graph,0.6666666666666666
UMAP graph,0.6666666666666666
UMAP graph,0.4666666666666667
UMAP graph,0.4
UMAP graph,0.4666666666666667
UMAP graph,0.5333333333333333
UMAP graph,0.5333333333333333
UMAP graph,0.7333333333333333
UMAP graph,0.4666666666666667
UMAP graph,0.6
UMAP graph,0.4666666666666667
UMAP graph,0.4
UMAP graph,0.4
UMAP graph,0.4
UMAP graph,0.4
UMAP graph,0.4666666666666667
UMAP graph,0.4
UMAP graph,0.4666666666666667
UMAP graph,0.4666666666666667
UMAP graph,0.4666666666666667
UMAP graph,0.6
UMAP graph,0.7333333333333333
UMAP graph,0.4
UMAP graph,0.5333333333333333
UMAP graph,0.4666666666666667
UMAP graph,0.3333333333333333
UMAP graph,0.7333333333333333
UMAP graph,0.7333333333333333
UMAP graph,0.6
UMAP graph,0.26666666666666666
UMAP graph,0.3333333333333333
UMAP graph,0.4666666666666667
UMAP graph,0.4666666666666667
UMAP graph,0.4
UMAP graph,0.26666666666666666
UMAP graph,0.5333333333333333
UMAP graph,0.6
UMAP graph,0.7333333333333333
UMAP graph,0.3333333333333333
UMAP graph,0.4666666666666667
UMAP graph,0.4666666666666667
UMAP graph,0.4666666666666667
GeoForest kNN,1.0
GeoForest kNN,1.0
GeoForest kNN,1.0
GeoForest kNN,1.0
GeoForest kNN,1.0
GeoForest kNN,1.0
GeoForest kNN,1.0
GeoForest kNN,1.0
GeoForest kNN,1.0
GeoForest kNN,1.0
GeoForest kNN,1.0
GeoForest kNN,1.0
GeoForest kNN,1.0
GeoForest kNN,1.0
GeoForest kNN,1.0
GeoForest kNN,1.0
GeoForest kNN,1.0
GeoForest kNN,1.0
GeoForest kNN,1.0
GeoForest kNN,1.0
GeoForest kNN,1.0
GeoForest kNN,1.0
GeoForest kNN,1.0
GeoForest kNN,1.0
GeoForest kNN,1.0
GeoForest kNN,1.0
GeoForest kNN,1.0
GeoForest kNN,1.0
GeoForest kNN,1.0
GeoForest kNN,1.0
GeoForest kNN,1.0
GeoForest kNN,1.0
GeoForest kNN,1.0
GeoForest kNN,1.0
GeoForest kNN,1.0
GeoForest kNN,1.0
GeoForest kNN,1.0
GeoForest kNN,1.0
GeoForest kNN,1.0
GeoForest kNN,1.0
GeoForest kNN,1.0
GeoForest kNN,1.0
GeoForest kNN,1.0
GeoForest kNN,1.0
GeoForest kNN,1.0
GeoForest kNN,1.0
GeoForest kNN,1.0
GeoForest kNN,1.0
GeoForest kNN,1.0
GeoForest kNN,1.0
GeoForest kNN,1.0
GeoForest kNN,1.0
GeoForest kNN,1.0
GeoForest kNN,1.0
GeoForest kNN,1.0
GeoForest kNN,1.0
GeoForest kNN,1.0
GeoForest kNN,1.0
GeoForest kNN,1.0
GeoForest kNN,1.0
GeoForest kNN,1.0
GeoForest kNN,1.0
GeoForest kNN,1.0
GeoForest kNN,1.0
GeoForest kNN,1.0
GeoForest kNN,1.0
GeoForest kNN,1.0
GeoForest kNN,1.0
GeoForest kNN,1.0
GeoForest kNN,1.0
GeoForest kNN,1.0
GeoForest kNN,1.0
GeoForest kNN,1.0
GeoForest kNN,1.0
GeoForest kNN,1.0
GeoForest kNN,1.0
GeoForest kNN,1.0
GeoForest kNN,1.0
GeoForest kNN,1.0
GeoForest kNN,1.0
GeoForest kNN,1.0
GeoForest kNN,1.0
GeoForest kNN,1.0
GeoForest kNN,1.0
GeoForest kNN,1.0
GeoForest kNN,1.0
GeoForest kNN,1.0
GeoForest kNN,1.0
GeoForest kNN,1.0
GeoForest kNN,1.0
GeoForest kNN,1.0
GeoForest kNN,1.0
GeoForest kNN,1.0
GeoForest kNN,1.0
GeoForest kNN,1.0
GeoForest kNN,1.0
GeoForest kNN,0.9333333333333333
GeoForest kNN,1.0
GeoForest kNN,1.0
GeoForest kNN,1.0
GeoForest kNN,1.0
GeoForest kNN,1.0
GeoForest kNN,1.0
GeoForest kNN,1.0
GeoForest kNN,1.0
GeoForest kNN,1.0
GeoForest kNN,1.0
GeoForest kNN,1.0
GeoForest kNN,1.0
GeoForest kNN,1.0
GeoForest kNN,1.0
GeoForest kNN,1.0
GeoForest kNN,1.0
GeoForest kNN,1.0
GeoForest kNN,1.0
GeoForest kNN,1.0
GeoForest kNN,1.0
GeoForest kNN,1.0
GeoForest kNN,1.0
GeoForest kNN,1.0
GeoForest kNN,1.0
GeoForest kNN,1.0
GeoForest kNN,1.0
GeoForest kNN,1.0
GeoForest kNN,1.0
GeoForest kNN,1.0
GeoForest kNN,1.0
GeoForest kNN,1.0
GeoForest kNN,1.0
GeoForest kNN,1.0
GeoForest kNN,1.0
GeoForest kNN,1.0
GeoForest kNN,1.0
GeoForest kNN,1.0
GeoForest kNN,1.0
GeoForest kNN,1.0
GeoForest kNN,1.0
GeoForest kNN,1.0
GeoForest kNN,1.0
GeoForest kNN,1.0
GeoForest kNN,1.0
GeoForest kNN,1.0
GeoForest kNN,1.0
GeoForest kNN,1.0
GeoForest kNN,1.0
GeoForest kNN,1.0
GeoForest kNN,1.0
GeoForest kNN,1.0
GeoForest kNN,1.0
GeoForest kNN,1.0
GeoForest kNN,1.0
GeoForest kNN,0.0
GeoForest kNN,1.0
GeoForest kNN,1.0
GeoForest kNN,1.0
GeoForest kNN,1.0
GeoForest kNN,1.0
GeoForest kNN,1.0
GeoForest kNN,1.0
GeoForest kNN,1.0
GeoForest kNN,1.0
GeoForest kNN,1.0
GeoForest kNN,1.0
GeoForest kNN,1.0
GeoForest kNN,1.0
GeoForest kNN,1.0
GeoForest kNN,1.0
GeoForest kNN,1.0
GeoForest kNN,1.0
GeoForest kNN,1.0
GeoForest kNN,1.0
GeoForest kNN,1.0
GeoForest kNN,1.0
GeoForest kNN,1.0
GeoForest kNN,1.0
GeoForest kNN,1.0
GeoForest kNN,1.0
GeoForest kNN,1.0
GeoForest kNN,1.0
GeoForest kNN,1.0
GeoForest kNN,1.0
GeoForest kNN,0.7333333333333333
GeoForest kNN,1.0
GeoForest kNN,1.0
GeoForest kNN,1.0
GeoForest kNN,1.0
GeoForest kNN,1.0
GeoForest kNN,1.0
GeoForest kNN,1.0
GeoForest kNN,1.0
GeoForest kNN,1.0
GeoForest kNN,1.0
GeoForest kNN,1.0
GeoForest kNN,1.0
GeoForest kNN,1.0
GeoForest kNN,1.0
GeoForest kNN,1.0
GeoForest kNN,1.0
GeoForest kNN,1.0
GeoForest kNN,1.0
GeoForest kNN,1.0
GeoForest kNN,1.0
GeoForest kNN,1.0
GeoForest kNN,0.9333333333333333
GeoForest kNN,1.0
GeoForest kNN,1.0
GeoForest kNN,1.0
GeoForest kNN,1.0
GeoForest kNN,1.0
GeoForest kNN,1.0
GeoForest kNN,1.0
GeoForest kNN,1.0
GeoForest kNN,1.0
GeoForest kNN,1.0
GeoForest kNN,1.0
GeoForest kNN,1.0
GeoForest kNN,1.0
GeoForest kNN,1.0
GeoForest kNN,1.0
GeoForest kNN,1.0
GeoForest kNN,1.0
GeoForest kNN,1.0
GeoForest kNN,1.0
GeoForest kNN,1.0
GeoForest kNN,1.0
GeoForest kNN,1.0
GeoForest kNN,1.0
GeoForest kNN,0.2
GeoForest kNN,1.0
GeoForest kNN,1.0
GeoForest kNN,1.0
GeoForest kNN,1.0
GeoForest kNN,1.0
GeoForest kNN,1.0
GeoForest kNN,1.0
GeoForest kNN,1.0
GeoForest kNN,1.0
GeoForest kNN,1.0
GeoForest kNN,1.0
GeoForest kNN,1.0
GeoForest kNN,1.0
GeoForest kNN,1.0
GeoForest kNN,1.0
GeoForest kNN,1.0
GeoForest kNN,1.0
GeoForest kNN,1.0
GeoForest kNN,1.0
GeoForest kNN,1.0
GeoForest kNN,1.0
GeoForest kNN,1.0
GeoForest kNN,1.0
GeoForest kNN,1.0
GeoForest kNN,0.9333333333333333
GeoForest kNN,1.0
GeoForest kNN,1.0
GeoForest kNN,0.9333333333333333
GeoForest kNN,1.0
GeoForest kNN,1.0
GeoForest kNN,1.0
GeoForest kNN,1.0
GeoForest kNN,1.0
GeoForest kNN,1.0
GeoForest kNN,1.0
GeoForest kNN,1.0
GeoForest kNN,1.0
GeoForest kNN,1.0
GeoForest kNN,1.0
GeoForest kNN,1.0
GeoForest kNN,1.0
GeoForest kNN,1.0
GeoForest kNN,1.0
GeoForest kNN,1.0
GeoForest kNN,1.0
GeoForest kNN,1.0
GeoForest kNN,1.0
GeoForest kNN,1.0
GeoForest kNN,1.0
GeoForest kNN,1.0
GeoForest kNN,1.0
GeoForest kNN,1.0
GeoForest kNN,1.0
GeoForest kNN,1.0
GeoForest kNN,1.0
GeoForest kNN,1.0
GeoForest kNN,1.0
GeoForest kNN,1.0
GeoForest kNN,1.0
GeoForest kNN,1.0
GeoForest kNN,1.0
GeoForest kNN,1.0
GeoForest kNN,1.0
GeoForest kNN,0.9333333333333333
GeoForest kNN,1.0
GeoForest kNN,1.0
GeoForest kNN,1.0
GeoForest kNN,1.0
GeoForest kNN,1.0
GeoForest kNN,1.0
GeoForest kNN,0.2
GeoForest kNN,1.0
GeoForest kNN,1.0
GeoForest kNN,1.0
GeoForest kNN,1.0
GeoForest kNN,1.0
GeoForest kNN,1.0
GeoForest kNN,1.0
GeoForest kNN,1.0
GeoForest kNN,1.0
GeoForest kNN,1.0
GeoForest kNN,1.0
GeoForest kNN,1.0
GeoForest kNN,1.0
GeoForest kNN,1.0
GeoForest kNN,1.0
GeoForest kNN,1.0
GeoForest kNN,1.0
GeoForest kNN,1.0
GeoForest kNN,1.0
GeoForest kNN,0.8
GeoForest kNN,1.0
GeoForest kNN,1.0
GeoForest kNN,1.0
GeoForest kNN,1.0
GeoForest kNN,1.0
GeoForest kNN,1.0
GeoForest kNN,1.0
GeoForest kNN,1.0
GeoForest kNN,1.0
GeoForest kNN,1.0
GeoForest kNN,1.0
GeoForest kNN,0.2
GeoForest kNN,1.0
GeoForest kNN,1.0
GeoForest kNN,1.0
GeoForest kNN,1.0
GeoForest kNN,1.0
GeoForest kNN,1.0
GeoForest kNN,1.0
GeoForest kNN,1.0
GeoForest kNN,1.0
GeoForest kNN,1.0
GeoForest kNN,0.6
GeoForest kNN,1.0
GeoForest kNN,1.0
GeoForest kNN,1.0
GeoForest kNN,1.0
GeoForest kNN,1.0
GeoForest kNN,1.0
GeoForest kNN,1.0
GeoForest kNN,1.0
GeoForest kNN,0.8666666666666667
GeoForest kNN,1.0
GeoForest kNN,1.0
GeoForest kNN,1.0
GeoForest kNN,1.0
GeoForest kNN,1.0
GeoForest kNN,1.0
GeoForest kNN,1.0
GeoForest kNN,1.0
GeoForest kNN,1.0
GeoForest kNN,1.0
GeoForest kNN,1.0
GeoForest kNN,1.0
GeoForest kNN,1.0
GeoForest kNN,1.0
GeoForest kNN,1.0
GeoForest kNN,1.0
GeoForest kNN,1.0
GeoForest kNN,0.4
GeoForest kNN,1.0
GeoForest kNN,1.0
GeoForest kNN,1.0
GeoForest kNN,1.0
GeoForest kNN,1.0
GeoForest kNN,1.0
GeoForest kNN,1.0
GeoForest kNN,1.0
GeoForest kNN,1.0
GeoForest kNN,1.0
GeoForest kNN,1.0
GeoForest kNN,1.0
GeoForest kNN,1.0
GeoForest kNN,1.0
GeoForest kNN,1.0
GeoForest kNN,1.0
GeoForest kNN,1.0
GeoForest kNN,1.0
GeoForest kNN,1.0
GeoForest kNN,1.0
GeoForest kNN,1.0
GeoForest kNN,1.0
GeoForest kNN,1.0
GeoForest kNN,1.0
GeoForest kNN,1.0
GeoForest kNN,1.0
GeoForest kNN,1.0
GeoForest kNN,1.0
GeoForest kNN,0.9333333333333333
GeoForest kNN,0.2
GeoForest kNN,1.0
GeoForest kNN,1.0
GeoForest kNN,1.0
GeoForest kNN,1.0
GeoForest kNN,0.26666666666666666
GeoForest kNN,1.0
GeoForest kNN,1.0
GeoForest kNN,1.0
GeoForest kNN,1.0
GeoForest kNN,1.0
GeoForest kNN,1.0
GeoForest kNN,1.0
GeoForest kNN,1.0
GeoForest kNN,0.8666666666666667
GeoForest kNN,1.0
GeoForest kNN,1.0
GeoForest kNN,1.0
GeoForest kNN,0.8
GeoForest kNN,1.0
GeoForest kNN,1.0
GeoForest kNN,1.0
GeoForest kNN,1.0
GeoForest kNN,1.0
GeoForest kNN,1.0
GeoForest kNN,1.0
GeoForest kNN,0.9333333333333333
GeoForest kNN,1.0
GeoForest kNN,1.0
GeoForest kNN,1.0
GeoForest kNN,1.0
GeoForest kNN,1.0
GeoForest kNN,1.0
GeoForest kNN,0.9333333333333333
GeoForest kNN,1.0
GeoForest kNN,1.0
GeoForest kNN,1.0
GeoForest kNN,1.0
GeoForest kNN,1.0
GeoForest kNN,1.0
GeoForest kNN,1.0
GeoForest kNN,1.0
GeoForest kNN,1.0
GeoForest kNN,1.0
GeoForest kNN,1.0
GeoForest kNN,1.0
GeoForest kNN,1.0
GeoForest kNN,1.0
GeoForest kNN,1.0
GeoForest kNN,1.0
GeoForest kNN,1.0
GeoForest kNN,1.0
GeoForest kNN,1.0
GeoForest kNN,1.0
GeoForest kNN,1.0
GeoForest kNN,1.0
GeoForest kNN,0.9333333333333333
GeoForest kNN,1.0
GeoForest kNN,1.0
GeoForest kNN,0.2
GeoForest kNN,0.9333333333333333
GeoForest kNN,1.0
GeoForest kNN,1.0
GeoForest kNN,1.0
GeoForest kNN,1.0
GeoForest kNN,1.0
GeoForest kNN,1.0
GeoForest kNN,1.0
GeoForest kNN,1.0
GeoForest kNN,1.0
GeoForest kNN,1.0
GeoForest kNN,1.0
GeoForest kNN,1.0
GeoForest kNN,1.0
GeoForest kNN,1.0
GeoForest kNN,1.0
GeoForest kNN,1.0
GeoForest kNN,1.0
GeoForest kNN,1.0
GeoForest kNN,1.0
GeoForest kNN,1.0
GeoForest kNN,1.0
GeoForest kNN,1.0
GeoForest kNN,1.0
GeoForest kNN,1.0
GeoForest kNN,1.0
GeoForest kNN,1.0
GeoForest kNN,1.0
GeoForest kNN,1.0
GeoForest kNN,1.0
GeoForest kNN,1.0
GeoForest kNN,1.0
GeoForest kNN,1.0
GeoForest kNN,1.0
GeoForest kNN,1.0
GeoForest kNN,1.0
GeoForest kNN,1.0
GeoForest kNN,1.0
GeoForest kNN,1.0
GeoForest kNN,1.0
GeoForest kNN,1.0
GeoForest kNN,1.0
GeoForest kNN,1.0
GeoForest kNN,0.9333333333333333
GeoForest kNN,1.0
GeoForest kNN,1.0
GeoForest kNN,1.0
GeoForest kNN,1.0
GeoForest kNN,1.0
GeoForest kNN,1.0
GeoForest kNN,1.0
GeoForest kNN,0.26666666666666666
GeoForest kNN,1.0
GeoForest kNN,1.0
GeoForest kNN,1.0
GeoForest kNN,1.0
GeoForest kNN,1.0
GeoForest kNN,1.0
GeoForest kNN,1.0
GeoForest kNN,1.0
GeoForest kNN,1.0
GeoForest kNN,1.0
GeoForest kNN,0.8
GeoForest kNN,1.0
GeoForest kNN,1.0
GeoForest kNN,1.0
GeoForest kNN,1.0
GeoForest kNN,1.0
GeoForest kNN,1.0
GeoForest kNN,1.0
GeoForest kNN,1.0
GeoForest kNN,1.0
GeoForest kNN,1.0
GeoForest kNN,1.0
GeoForest kNN,1.0
GeoForest kNN,1.0
GeoForest kNN,0.2
GeoForest kNN,1.0
GeoForest kNN,0.8666666666666667
GeoForest kNN,1.0
GeoForest kNN,1.0
GeoForest kNN,1.0
GeoForest kNN,1.0
GeoForest kNN,1.0
GeoForest kNN,1.0
GeoForest kNN,1.0
GeoForest kNN,1.0
GeoForest kNN,1.0
GeoForest kNN,1.0
GeoForest kNN,1.0
GeoForest kNN,1.0
GeoForest kNN,1.0
GeoForest kNN,1.0
GeoForest kNN,1.0
GeoForest kNN,1.0
GeoForest kNN,1.0
GeoForest kNN,1.0
GeoForest kNN,1.0
GeoForest kNN,1.0
GeoForest kNN,1.0
GeoForest kNN,1.0
GeoForest kNN,1.0
GeoForest kNN,1.0
GeoForest kNN,1.0
GeoForest kNN,1.0
GeoForest kNN,1.0
GeoForest kNN,1.0
GeoForest kNN,1.0
GeoForest kNN,1.0
GeoForest kNN,1.0
GeoForest kNN,1.0
GeoForest kNN,1.0
GeoForest kNN,1.0
GeoForest kNN,0.8
GeoForest kNN,1.0
GeoForest kNN,1.0
GeoForest kNN,0.8666666666666667
GeoForest kNN,1.0
GeoForest kNN,1.0
GeoForest kNN,1.0
GeoForest kNN,1.0
GeoForest kNN,1.0
GeoForest kNN,1.0
GeoForest kNN,1.0
GeoForest kNN,1.0
GeoForest kNN,1.0
GeoForest kNN,1.0
GeoForest kNN,1.0
GeoForest kNN,1.0
GeoForest kNN,1.0
GeoForest kNN,1.0
GeoForest kNN,1.0
GeoForest kNN,1.0
GeoForest kNN,1.0
GeoForest kNN,1.0
GeoForest kNN,1.0
GeoForest kNN,1.0
GeoForest kNN,1.0
GeoForest kNN,1.0
GeoForest kNN,1.0
GeoForest kNN,1.0
GeoForest kNN,1.0
