seed,n,d,ARI_Euclid_Ward,ARI_RBF_KPCA_Ward,ARI_GF_Agglo_avg,ARI_GF_Agglo_comp,ARI_Geo_MDS_Ward_nowhite,ARI_Geo_MDS_Ward_white,dataset
0,600,64,0.9025124077681331,0.1338494168618478,0.5339784554250114,0.5339784554250114,0.9606686767169179,0.9558653239336241,subspace_gaussian
0,600,64,0.8056895321692636,0.049374573049651815,0.5688562556972693,0.5639070059544662,1.0,0.9949958125176231,heavy_tail
0,600,64,0.36503155225371337,0.4062691201050703,0.3648172657540033,0.3828435756993832,0.31945889882093514,0.3411916705746885,swiss_roll
1,600,64,0.5664794386855911,0.07007067036631537,0.9459850950784455,0.9702541752408238,0.9653521917033145,0.9456212168984931,subspace_gaussian
1,600,64,0.8477730914670524,0.04460578906790465,0.48908985943155386,0.903539256303717,0.903539256303717,0.903539256303717,heavy_tail
1,600,64,0.02268532465864769,0.8990957629985676,0.20313178376996288,0.369559274059664,0.36710881204143003,0.4241486817013092,swiss_roll
2,600,64,0.8664739510796865,0.08941968801585844,0.5562534638965428,0.5562534638965428,0.9275855990250251,0.8984668038403352,subspace_gaussian
2,600,64,0.773918772017336,0.10125468763199748,0.516009511535708,0.5555677566022035,0.9362264390577941,0.9408933719769478,heavy_tail
2,600,64,0.335828031147307,0.4052057714952233,0.25026446353565984,0.38487163867918806,0.3815507981681495,0.34985541379892393,swiss_roll
3,600,64,0.8740018464603929,0.022295137005807153,0.5633044955116112,0.5572248183986606,0.975104690365823,0.9800710428333415,subspace_gaussian
3,600,64,0.7075450413441184,0.04718150842421254,0.5404653232621545,0.5404653232621545,0.45862679731959455,0.4650400699912511,heavy_tail
3,600,64,0.21799580595332876,0.40220282278611386,0.4332773361490148,0.40796551911927303,0.5090252949361624,0.50411424477276,swiss_roll
4,600,64,0.8373838652157648,0.13798351353536467,1.0,1.0,1.0,1.0,subspace_gaussian
4,600,64,0.8884100391966336,0.15178177925854713,0.5517791210675894,0.9653495672111143,0.9652474852761351,0.9457215236231442,heavy_tail
4,600,64,0.4578809283585761,0.6950026465941982,0.3898023295361148,0.3898023295361148,0.3956931124746958,0.3898023295361148,swiss_roll
5,600,64,0.8740936960113339,0.04915910770990819,0.5633354692424153,0.5633354692424153,0.9276391858839698,0.9510875068183525,subspace_gaussian
5,600,64,0.6780665489621859,0.09219596249180188,0.5323347681287622,0.5323347681287622,0.4620362448106906,0.4619597834800406,heavy_tail
5,600,64,0.13567913715464128,0.37694284752042456,0.1599836319353026,0.39795945137865496,0.3574738977723487,0.4171084351078584,swiss_roll
6,600,64,0.9900168347249766,0.18193541951707845,0.5700020357215562,0.5421709271669942,1.0,0.9801350059845216,subspace_gaussian
6,600,64,0.9504986735420085,0.048183935366278456,0.5303715471597642,0.5303715471597642,0.8982744779401595,0.8982744779401595,heavy_tail
6,600,64,0.36647118677444956,0.6628308000941038,0.24251762919579026,0.2765892544170727,0.2805396551107212,0.28658288378238794,swiss_roll
7,600,64,0.8692719714908461,0.05139113191086873,0.5694176441827719,0.49932301537898277,0.9655044126264666,0.8990125811403904,subspace_gaussian
7,600,64,0.8256612280205382,0.07306207583399493,0.5659060234761393,0.8082089624796834,0.8474279708007108,0.756527636170705,heavy_tail
7,600,64,0.18849674476458522,0.6431998087343582,0.25099756395884315,0.2602859076233975,0.364319407349786,0.33948678149670036,swiss_roll
8,600,64,0.8625066828241387,0.058269351359298165,0.5426752571940174,0.5426752571940174,0.8957087814187387,0.836847593714447,subspace_gaussian
8,600,64,0.9800584170854272,0.133571379391329,0.5681884247928178,0.5583224381592231,0.9850001687576281,0.8483784768414092,heavy_tail
8,600,64,0.17787097881649708,0.39955127705579674,0.3768588933951574,0.3477181210330451,0.41806073361241125,0.3837250121138762,swiss_roll
9,600,64,0.9168351699357379,0.13044531774668167,0.5609533561590856,0.5609533561590856,0.9703554963908735,0.9501995969630819,subspace_gaussian
9,600,64,0.6990315398100524,0.04543786974845764,0.5675431087889848,0.909114801052576,0.7858113103711482,0.8481876530835378,heavy_tail
9,600,64,0.28987349916602106,0.52172021469177,0.3033712839776194,0.38484067225718777,0.3226787188365132,0.2973881863454558,swiss_roll
10,600,64,0.9949958125176231,0.07058881097000518,0.9900168347249766,0.9949958125176231,0.9900168347249766,0.9900168347249766,subspace_gaussian
10,600,64,0.9070458739629258,0.06745027965644904,0.5296719108588102,0.5419321947489166,0.8025759435258687,0.34604181842173376,heavy_tail
10,600,64,0.011913937146581656,0.5233915901408399,0.2971021449600859,0.2418378637451788,0.4120716269366118,0.317655658888635,swiss_roll
11,600,64,0.9900168347249766,0.19529648511792647,0.9183429379737271,0.9183429379737271,0.9322237018425461,0.882654667853962,subspace_gaussian
11,600,64,0.9223921774851194,0.08121735634243597,0.5516399842685148,0.5509284130725836,0.8737168082737712,0.8737168082737712,heavy_tail
11,600,64,0.2839084633919906,0.6622373304880671,0.2698182017222328,0.2530304093997465,0.3422516943720063,0.33761176893646083,swiss_roll
12,600,64,0.9701888388673306,0.01032901676024685,0.5575682554787817,0.5575682554787817,0.6920361740608606,0.6442121086185487,subspace_gaussian
12,600,64,0.869796818468883,0.15202972474219276,0.5141273902329059,0.5086051056081018,0.8898116510697296,0.8857352177658077,heavy_tail
12,600,64,0.21115596174333603,0.377104167307122,0.17010652819832878,0.1846135166622629,0.2037473716098364,0.39043901108493756,swiss_roll
13,600,64,0.9214023782842076,0.033338655992460386,0.5326858980937463,0.529460175675885,0.889279465055093,0.8922354042111997,subspace_gaussian
13,600,64,0.5630901684612056,0.03390705757742086,0.5208794307493764,0.5243994638729312,0.46254443389478417,0.3095358415621889,heavy_tail
13,600,64,0.04762237343133581,0.707973260374129,0.20631629523249279,0.19520114716971695,0.27105044849944077,0.23771368601702647,swiss_roll
14,600,64,0.7779919346358826,0.027545984149578196,0.5279078152661261,0.5279078152661261,0.9068941971322243,0.9411545082030026,subspace_gaussian
14,600,64,0.8769333034605958,0.06475239348933401,0.5091856998964089,0.4915366590535403,0.869532326807785,0.8849858018468704,heavy_tail
14,600,64,0.2226594302929866,0.44165412756683065,0.3923036729893243,0.29612315891286556,0.3685709051458515,0.3463130227451065,swiss_roll
15,600,64,0.8185099327651165,0.14750249307178606,0.5562534638965428,0.549365884426905,0.9558801782834457,0.9117545562304226,subspace_gaussian
15,600,64,0.8936251795658896,0.08135622742367894,0.5657388988062614,0.9606746348061671,0.9703515041329707,0.9703515041329707,heavy_tail
15,600,64,0.37111280561430093,0.6107615679154194,0.27459903646157596,0.3739351342107255,0.3458206482379585,0.3422990212418841,swiss_roll
16,600,64,0.7295758663539922,0.026295859599459147,0.5433699259847926,0.9072563394740765,0.9165468099115304,0.9214416558359741,subspace_gaussian
16,600,64,0.8875925778983524,0.07329903155407334,0.5700020357215562,0.9558801782834457,0.9655044126264666,0.9305746676771636,heavy_tail
16,600,64,0.0833362393767081,0.3627841137419309,0.3304253482037727,0.3304253482037727,0.4170045388658816,0.41295272501136937,swiss_roll
17,600,64,0.9214139276214864,0.052602705643575914,0.5548369109585964,0.5231180975128039,0.9557672232044758,0.9313586012755684,subspace_gaussian
17,600,64,0.8881620705981298,0.045167142707941386,0.5342793992464151,0.5214347420203982,0.8587334011844143,0.8586867604169025,heavy_tail
17,600,64,0.09986609931149756,0.8282682877647565,0.45743235147348005,0.3836234432143537,0.27856198113168373,0.35513720830464385,swiss_roll
18,600,64,0.716173166048735,0.046381464432151256,0.5530589836772403,0.5216051983116018,0.5390050767879399,0.43057299726423987,subspace_gaussian
18,600,64,0.8883178839350356,0.1868942445434209,0.5528839670584945,0.5528839670584945,0.46543570995115946,0.46543570995115946,heavy_tail
18,600,64,0.24038702306242757,0.6807359973274818,0.25003392134832053,0.36571473637184854,0.3306627682564455,0.32328001245255295,swiss_roll
19,600,64,0.4149534090227884,0.006945581610131111,0.5633354692424153,0.549365884426905,0.9850631913879141,0.8013365990529828,subspace_gaussian
19,600,64,0.8692693231243322,0.03624683881138115,0.5453601394119801,0.49590173498649687,0.42965852931362014,0.4245751801206912,heavy_tail
19,600,64,0.11247705776209921,0.3650060995308511,0.24970898353861248,0.33634091975083374,0.38656029156171395,0.38656029156171395,swiss_roll
