method,n_samples,dimension,seed,status,error,embedding_dim,k_min,k_max,head_seconds,backend_seconds,total_seconds,forest_fit_seconds,similarity_seconds,graph_seconds,shortest_path_seconds,mds_seconds,selected_components,selected_covariance,bic
autog2m2,100,50,0,ok,,10,1,10,0.28633358306251466,0.4673932499717921,0.7537268330343068,0.2490227499511093,0.01787837501615286,0.003039166913367808,0.002108542015776038,0.01388470793608576,10.0,full,2508.1704941384505
autog2m2,100,50,1,error,The condensed distance matrix must contain only finite values.,10,1,10,,,0.25116529199294746,,,,,,,,
autog2m2,100,50,2,ok,,10,1,10,0.24222562508657575,0.5008015419589356,0.7430271670455113,0.22109787503723055,0.01699020795058459,0.0012878329725936055,0.001276666997000575,0.0012170830741524696,10.0,full,2658.607265237113
autog2m2,100,50,3,ok,,10,1,10,0.2423906249459833,0.5404065839247778,0.7827972088707611,0.22097754199057817,0.017241458990611136,0.0012798330280929804,0.0013294580858200788,0.0012086669448763132,10.0,full,2789.80421292682
autog2m2,100,50,4,ok,,10,1,10,0.27610395895317197,0.5360669168876484,0.8121708758408204,0.253640583017841,0.017769624944776297,0.0016757079865783453,0.0013035410083830357,0.0013194169150665402,10.0,full,2453.173888879358
autog2m2,500,50,0,ok,,10,1,10,0.6940485830418766,1.123142708092928,1.8171912911348045,0.4174213749356568,0.13107145810499787,0.02216529194265604,0.09954529104288667,0.023324791924096644,5.0,tied,13949.089731278156
autog2m2,500,50,1,ok,,10,1,10,0.7089216249296442,0.9972256250912324,1.7061472500208765,0.4337927909800783,0.13136529200710356,0.0227852500975132,0.10036599996965379,0.02006483299192041,4.0,tied,14201.892073347937
autog2m2,500,50,2,ok,,10,1,10,0.7358398330397904,1.1593238749774173,1.8951637080172077,0.4598189169773832,0.13124708307441324,0.022830499918200076,0.10162025003228337,0.019838541047647595,5.0,diag,14137.860523930247
autog2m2,500,50,3,ok,,10,1,10,0.7376460829982534,1.2542450840119272,1.9918911670101807,0.46026054199319333,0.1298620420275256,0.022861332981847227,0.10389858298003674,0.0201398340286687,4.0,spherical,14221.742829488254
autog2m2,500,50,4,ok,,10,1,10,0.7133821670431644,1.1633660829393193,1.8767482499824837,0.43645037501119077,0.1307855830527842,0.022710583987645805,0.1031410419382155,0.019738542032428086,2.0,diag,14112.276977639749
autog2m2,1000,50,0,error,Classical MDS did not return two positive dimensions,10,1,10,,,2.0165022499859333,,,,,,,,
autog2m2,1000,50,1,ok,,10,1,10,2.154654207988642,1.4887407500064,3.643394957995042,1.0588712909957394,0.49800504103768617,0.09550737496465445,0.4080469589680433,0.09328633302357048,8.0,diag,26786.950068126225
autog2m2,1000,50,2,ok,,10,1,10,2.1828631249954924,1.5099237500689924,3.6927868750644848,1.0925839580595493,0.4989855829626322,0.09642166609410197,0.4010494580725208,0.09295566694345325,5.0,tied,27711.209295763805
autog2m2,1000,50,3,ok,,10,1,10,2.1726253340020776,1.7450644579948857,3.9176897919969633,1.0831907090032473,0.49754741601645947,0.09581124992109835,0.4027727920329198,0.09245404205285013,6.0,diag,27972.778065332546
autog2m2,1000,50,4,ok,,10,1,10,2.7589769170153886,1.926942541031167,4.6859194580465555,1.6458963749464601,0.5106562920846045,0.09639199997764081,0.4108912500087172,0.09403129201382399,9.0,tied,28132.19886598125
autog2m2,5000,50,0,ok,,10,1,10,88.25887412496377,4.551743415999226,92.810617540963,41.69805162504781,14.191666582948528,2.9370725840562955,12.19073637505062,17.219172916025855,10.0,full,115345.86787818633
autog2m2,5000,50,1,ok,,10,1,10,88.47882029099856,5.869085917016491,94.34790620801505,42.32721729192417,14.30165662500076,2.9552890830673277,11.262193375034258,17.609159959014505,10.0,full,129998.22009323984
autog2m2,5000,50,2,ok,,10,1,10,87.7581877920311,7.058945167111233,94.81713295914233,42.88480649993289,13.939439125009812,2.946003249962814,11.331578333047219,16.63572620798368,9.0,full,121445.5334413099
autog2m2,5000,50,3,ok,,10,1,10,85.17431116697844,5.522766375099309,90.69707754207775,41.61527683294844,13.909878749982454,2.9451049159979448,11.033076375024393,15.664294500020333,10.0,full,125093.61456682434
autog2m2,5000,50,4,ok,,10,1,10,86.23213066707831,4.797343333018944,91.02947400009725,41.70860841695685,14.176903833984397,2.957471458008513,11.142838916974142,16.22687962499913,10.0,full,109980.62784438088
pca,100,50,0,error,The condensed distance matrix must contain only finite values.,10,1,10,,,0.011016333010047674,,,,,,,,
pca,100,50,1,ok,,10,1,10,0.0016270829364657402,0.5218808749923483,0.523507957928814,,,,,,10.0,full,2784.941750850431
pca,100,50,2,ok,,10,1,10,0.0015811669873073697,0.48650949995499104,0.4880906669422984,,,,,,9.0,full,2713.4082053481234
pca,100,50,3,ok,,10,1,10,0.0016980000073090196,0.5649140410823748,0.5666120410896838,,,,,,10.0,full,2598.730323809769
pca,100,50,4,ok,,10,1,10,0.0016821250319480896,0.5345987080363557,0.5362808330683038,,,,,,10.0,full,2681.869230764273
pca,500,50,0,ok,,10,1,10,0.0025665840366855264,1.1926167500205338,1.1951833340572193,,,,,,1.0,spherical,14257.746021129371
pca,500,50,1,ok,,10,1,10,0.0023611250799149275,1.1552367910044268,1.1575979160843417,,,,,,1.0,spherical,14257.74602112937
pca,500,50,2,ok,,10,1,10,0.0025837919674813747,1.3743905411101878,1.3769743330776691,,,,,,1.0,spherical,14257.746021129371
pca,500,50,3,ok,,10,1,10,0.0023922090185806155,1.2358911669580266,1.2382833759766072,,,,,,1.0,spherical,14257.746021129371
pca,500,50,4,ok,,10,1,10,0.0026004579849541187,1.2488640840165317,1.2514645420014858,,,,,,1.0,spherical,14257.746021129373
pca,1000,50,0,ok,,10,1,10,0.004268666030839086,1.6449638749472797,1.6492325409781188,,,,,,1.0,spherical,28454.755972162257
pca,1000,50,1,ok,,10,1,10,0.003980875015258789,1.5506198749644682,1.554600749979727,,,,,,1.0,spherical,28454.755972162257
pca,1000,50,2,ok,,10,1,10,0.003952292026951909,1.759078917093575,1.763031209120527,,,,,,1.0,spherical,28454.755972162257
pca,1000,50,3,ok,,10,1,10,0.0043594579910859466,1.444442707928829,1.4488021659199148,,,,,,1.0,spherical,28454.755972162253
pca,1000,50,4,ok,,10,1,10,0.004643375054001808,1.7489138330565766,1.7535572081105784,,,,,,1.0,spherical,28454.75597216226
pca,5000,50,0,ok,,10,1,10,0.020231249975040555,3.9835511660203338,4.003782415995374,,,,,,1.0,spherical,141987.54244557282
pca,5000,50,1,ok,,10,1,10,0.01817958301398903,3.991200292017311,4.0093798750313,,,,,,1.0,spherical,141987.54244557282
pca,5000,50,2,ok,,10,1,10,0.01817833399400115,3.972501124953851,3.9906794589478523,,,,,,1.0,spherical,141987.5424455729
pca,5000,50,3,ok,,10,1,10,0.015482458053156734,4.016963790985756,4.032446249038912,,,,,,1.0,spherical,141987.54244557285
pca,5000,50,4,ok,,10,1,10,0.013458334025926888,3.982188166002743,3.99564650002867,,,,,,1.0,spherical,141987.54244557285
umap,100,50,0,ok,,10,1,10,6.01176858402323,0.34882612503133714,6.360594709054567,,,,,,10.0,full,1538.6170477879052
umap,100,50,1,ok,,10,1,10,0.20046554203145206,0.4043797090416774,0.6048452510731295,,,,,,10.0,full,1410.4084027920967
umap,100,50,2,ok,,10,1,10,0.20515379204880446,0.3366016250802204,0.5417554171290249,,,,,,10.0,full,1588.1704150799083
umap,100,50,3,ok,,10,1,10,0.20490170805715024,0.610357291996479,0.8152590000536293,,,,,,10.0,full,1425.0617386210515
umap,100,50,4,ok,,10,1,10,0.21323058300185949,0.36261191696394235,0.5758424999658018,,,,,,10.0,full,1609.8674981379156
umap,500,50,0,ok,,10,1,10,1.164629083010368,0.9368504999438301,2.101479582954198,,,,,,9.0,tied,13411.410407786154
umap,500,50,1,ok,,10,1,10,1.1071550829801708,0.8529917909763753,1.9601468739565462,,,,,,10.0,tied,13354.885525912436
umap,500,50,2,ok,,10,1,10,1.1452670830767602,0.855199082987383,2.000466166064143,,,,,,10.0,tied,12868.763453099964
umap,500,50,3,ok,,10,1,10,1.1125081670470536,0.8172843749634922,1.9297925420105457,,,,,,10.0,tied,13338.071830874182
umap,500,50,4,ok,,10,1,10,1.1302387079922482,0.8643484170315787,1.994587125023827,,,,,,10.0,tied,13042.515122708906
umap,1000,50,0,ok,,10,1,10,2.538165875012055,1.4516656670020893,3.9898315420141444,,,,,,8.0,full,27148.298204858907
umap,1000,50,1,ok,,10,1,10,2.5640851659700274,1.421076750033535,3.9851619160035625,,,,,,8.0,full,27079.789300763223
umap,1000,50,2,ok,,10,1,10,2.536790082929656,1.3152682500658557,3.8520583329955116,,,,,,7.0,full,26803.475195103598
umap,1000,50,3,ok,,10,1,10,2.576103291939944,1.4687056670663878,4.044808959006332,,,,,,7.0,full,26738.143135776107
umap,1000,50,4,ok,,10,1,10,2.6000544590642676,1.614568957942538,4.2146234170068055,,,,,,5.0,full,27227.982586203303
umap,5000,50,0,ok,,10,1,10,21.03168370795902,5.864606708055362,26.89629041601438,,,,,,10.0,full,137509.5527806392
umap,5000,50,1,ok,,10,1,10,9.955215041991323,6.072021542000584,16.027236583991908,,,,,,10.0,full,137920.4676168094
umap,5000,50,2,ok,,10,1,10,9.871416833950207,5.612281874986365,15.483698708936572,,,,,,10.0,full,137145.89058977613
umap,5000,50,3,ok,,10,1,10,9.94297233398538,5.337222166941501,15.280194500926882,,,,,,10.0,full,137774.6761464037
umap,5000,50,4,ok,,10,1,10,9.881814500084147,5.580784041900188,15.462598541984335,,,,,,10.0,full,137708.74022474856
