method,n,d,seed,t_head,t_backend,t_total,umap_dim,umap_neighbors,umap_min_dist,kmax,cov_types
UMAP+GMM(BIC),100,50,0,6.635093446820974,0.9372021816670895,7.572295628488064,10,15,0.1,10,full|diag|tied|spherical
AutoG2M2(apply head)+GMM(BIC),100,50,0,1.110729604959488,1.0930666141211987,2.2037962190806866,0.7560565546154976,0.08565310016274452,0.2638125866651535,0.0052073635160923,"300,2,4,sqrt,30,2,200,10,10,full|diag|tied|spherical"
UMAP+GMM(BIC),500,50,0,1.3209427148103714,1.9784137681126595,3.299356482923031,10,15,0.1,10,full|diag|tied|spherical
AutoG2M2(apply head)+GMM(BIC),500,50,0,3.372352596372366,2.2808756679296494,5.653228264302015,0.851787768304348,0.10538489371538162,2.372145250439644,0.04303468391299248,"300,2,4,sqrt,30,2,200,10,10,full|diag|tied|spherical"
UMAP+GMM(BIC),1000,50,0,3.030754864215851,2.7623110339045525,5.793065898120403,10,15,0.1,10,full|diag|tied|spherical
AutoG2M2(apply head)+GMM(BIC),1000,50,0,6.657167501747608,2.8882963582873344,9.545463860034943,1.7222964130342007,0.11733101308345795,4.628327403217554,0.18921267241239548,"300,2,4,sqrt,30,2,200,10,10,full|diag|tied|spherical"
UMAP+GMM(BIC),5000,50,0,22.178087539970875,8.664369329810143,30.842456869781017,10,15,0.1,10,full|diag|tied|spherical
AutoG2M2(apply head)+GMM(BIC),5000,50,0,286.16271878406405,6.220886003226042,292.3836047872901,258.87863175198436,0.2855808474123478,9.89665962383151,17.10184656083584,"300,2,4,sqrt,30,2,200,10,10,full|diag|tied|spherical"
UMAP+GMM(BIC),10000,50,0,26.945498906075954,13.397957637906075,40.34345654398203,10,15,0.1,10,full|diag|tied|spherical
AutoG2M2(apply head)+GMM(BIC),10000,50,0,1523.0806980580091,12.21521731838584,1535.295915376395,1367.9003014340997,0.16347729042172432,11.537068862468004,143.47985047101974,"300,2,4,sqrt,30,2,200,10,10,full|diag|tied|spherical"
UMAP+GMM(BIC),100,50,1,0.29355349764227867,0.7827670201659203,1.076320517808199,10,15,0.1,10,full|diag|tied|spherical
AutoG2M2(apply head)+GMM(BIC),100,50,1,1.0312935635447502,1.0363753363490105,2.0676688998937607,0.7006546296179295,0.08437564224004745,0.23963941633701324,0.0066238753497600555,"300,2,4,sqrt,30,2,200,10,10,full|diag|tied|spherical"
UMAP+GMM(BIC),500,50,1,1.311366368085146,1.8221268020570278,3.1334931701421738,10,15,0.1,10,full|diag|tied|spherical
AutoG2M2(apply head)+GMM(BIC),500,50,1,3.3025848269462585,2.295071206986904,5.597656033933163,0.9589120298624039,0.10128771886229515,2.196899075061083,0.045486003160476685,"300,2,4,sqrt,30,2,200,10,10,full|diag|tied|spherical"
UMAP+GMM(BIC),1000,50,1,3.007456060498953,2.8737584613263607,5.881214521825314,10,15,0.1,10,full|diag|tied|spherical
AutoG2M2(apply head)+GMM(BIC),1000,50,1,6.04377268999815,2.761092871427536,8.804865561425686,1.558397725224495,0.11161810159683228,4.196195017546415,0.17756184563040733,"300,2,4,sqrt,30,2,200,10,10,full|diag|tied|spherical"
UMAP+GMM(BIC),5000,50,1,12.957715187221766,8.761774964630604,21.71949015185237,10,15,0.1,10,full|diag|tied|spherical
AutoG2M2(apply head)+GMM(BIC),5000,50,1,282.48533852770925,8.03400206938386,290.5193405970931,257.76511757820845,0.12951868399977684,9.843099921941757,14.747602343559265,"300,2,4,sqrt,30,2,200,10,10,full|diag|tied|spherical"
UMAP+GMM(BIC),10000,50,1,26.246289871633053,13.190799072384834,39.43708894401789,10,15,0.1,10,full|diag|tied|spherical
AutoG2M2(apply head)+GMM(BIC),10000,50,1,1517.564399767667,12.808298893272877,1530.37269866094,1367.3334314897656,0.11674146354198456,10.106512323021889,140.00771449133754,"300,2,4,sqrt,30,2,200,10,10,full|diag|tied|spherical"
UMAP+GMM(BIC),100,50,2,0.2374732755124569,0.8022348880767822,1.0397081635892391,10,15,0.1,10,full|diag|tied|spherical
AutoG2M2(apply head)+GMM(BIC),100,50,2,1.154761504381895,1.0218989662826061,2.176660470664501,0.7199007384479046,0.0894080400466919,0.3393339030444622,0.00611882284283638,"300,2,4,sqrt,30,2,200,10,10,full|diag|tied|spherical"
UMAP+GMM(BIC),500,50,2,1.3299310356378555,1.8304799050092697,3.1604109406471252,10,15,0.1,10,full|diag|tied|spherical
AutoG2M2(apply head)+GMM(BIC),500,50,2,3.4764824360609055,2.3313986472785473,5.807881083339453,0.9770699553191662,0.1028045155107975,2.352988325059414,0.04361964017152786,"300,2,4,sqrt,30,2,200,10,10,full|diag|tied|spherical"
UMAP+GMM(BIC),1000,50,2,3.0280232056975365,2.526259418576956,5.554282624274492,10,15,0.1,10,full|diag|tied|spherical
AutoG2M2(apply head)+GMM(BIC),1000,50,2,6.202165987342596,2.722788218408823,8.924954205751419,1.5548308081924915,0.09748978540301323,4.359496563673019,0.19034883007407188,"300,2,4,sqrt,30,2,200,10,10,full|diag|tied|spherical"
UMAP+GMM(BIC),5000,50,2,12.825450174510479,8.794291913509369,21.619742088019848,10,15,0.1,10,full|diag|tied|spherical
AutoG2M2(apply head)+GMM(BIC),5000,50,2,298.3447171971202,6.241207279264927,304.5859244763851,274.13081761077046,0.1118568666279316,8.753304097801447,15.348738621920347,"300,2,4,sqrt,30,2,200,10,10,full|diag|tied|spherical"
UMAP+GMM(BIC),10000,50,2,26.71954435110092,11.832477439194918,38.55202179029584,10,15,0.1,10,full|diag|tied|spherical
AutoG2M2(apply head)+GMM(BIC),10000,50,2,1544.3048040121794,13.380608528852463,1557.6854125410318,1387.9278766736388,0.14123298972845078,10.541178237646818,145.69451611116529,"300,2,4,sqrt,30,2,200,10,10,full|diag|tied|spherical"
UMAP+GMM(BIC),100,50,3,0.24038825184106827,0.8442398495972157,1.084628101438284,10,15,0.1,10,full|diag|tied|spherical
AutoG2M2(apply head)+GMM(BIC),100,50,3,1.0593456402420998,1.0344646088778973,2.093810249119997,0.6979017332196236,0.08339280262589455,0.27226661890745163,0.00578448548913002,"300,2,4,sqrt,30,2,200,10,10,full|diag|tied|spherical"
UMAP+GMM(BIC),500,50,3,1.3201396986842155,1.8777888603508472,3.197928559035063,10,15,0.1,10,full|diag|tied|spherical
AutoG2M2(apply head)+GMM(BIC),500,50,3,3.3791177608072758,2.231967192143202,5.611084952950478,0.8776911646127701,0.08838436752557755,2.372577477246523,0.04046475142240524,"300,2,4,sqrt,30,2,200,10,10,full|diag|tied|spherical"
UMAP+GMM(BIC),1000,50,3,3.0529738888144493,2.8455620259046555,5.898535914719105,10,15,0.1,10,full|diag|tied|spherical
AutoG2M2(apply head)+GMM(BIC),1000,50,3,6.252803426235914,3.0864326879382133,9.339236114174128,1.5223517306149006,0.1120891310274601,4.4120789133012295,0.20628365129232407,"300,2,4,sqrt,30,2,200,10,10,full|diag|tied|spherical"
UMAP+GMM(BIC),5000,50,3,13.016483686864376,8.555825132876635,21.57230881974101,10,15,0.1,10,full|diag|tied|spherical
AutoG2M2(apply head)+GMM(BIC),5000,50,3,307.5265178345144,7.2968843802809715,314.82340221479535,282.6840713657439,0.12307636812329292,9.54458723589778,15.174782864749432,"300,2,4,sqrt,30,2,200,10,10,full|diag|tied|spherical"
UMAP+GMM(BIC),10000,50,3,26.372230980545282,14.735266160219908,41.10749714076519,10,15,0.1,10,full|diag|tied|spherical
AutoG2M2(apply head)+GMM(BIC),10000,50,3,1508.0357814133167,11.773249797523022,1519.8090312108397,1376.083811968565,0.112368144094944,10.002781927585602,121.8368193730712,"300,2,4,sqrt,30,2,200,10,10,full|diag|tied|spherical"
UMAP+GMM(BIC),100,50,4,0.2441379688680172,0.8252120576798916,1.0693500265479088,10,15,0.1,10,full|diag|tied|spherical
AutoG2M2(apply head)+GMM(BIC),100,50,4,1.032483458518982,1.1580983847379684,2.1905818432569504,0.695747759193182,0.08617525547742844,0.24443785846233368,0.0061225853860378265,"300,2,4,sqrt,30,2,200,10,10,full|diag|tied|spherical"
UMAP+GMM(BIC),500,50,4,1.3384776785969734,2.05438432097435,3.3928619995713234,10,15,0.1,10,full|diag|tied|spherical
AutoG2M2(apply head)+GMM(BIC),500,50,4,3.551597747951746,2.063410196453333,5.615007944405079,1.0000046975910664,0.10337841883301735,2.406569980084896,0.04164465144276619,"300,2,4,sqrt,30,2,200,10,10,full|diag|tied|spherical"
UMAP+GMM(BIC),1000,50,4,3.0461807921528816,3.0162119418382645,6.062392733991146,10,15,0.1,10,full|diag|tied|spherical
AutoG2M2(apply head)+GMM(BIC),1000,50,4,6.128553677350283,2.73881683498621,8.867370512336493,1.544492706656456,0.11108579486608505,4.275964420288801,0.19701075553894043,"300,2,4,sqrt,30,2,200,10,10,full|diag|tied|spherical"
UMAP+GMM(BIC),5000,50,4,12.990620277822018,9.610703267157078,22.601323544979095,10,15,0.1,10,full|diag|tied|spherical
AutoG2M2(apply head)+GMM(BIC),5000,50,4,304.67601530998945,7.623308036476374,312.2993233464658,279.8701763600111,0.1117936447262764,9.686233881860971,15.007811423391104,"300,2,4,sqrt,30,2,200,10,10,full|diag|tied|spherical"
UMAP+GMM(BIC),10000,50,4,26.14614550024271,13.566087406128645,39.712232906371355,10,15,0.1,10,full|diag|tied|spherical
AutoG2M2(apply head)+GMM(BIC),10000,50,4,1518.8037053495646,10.649748425930738,1529.4534537754953,1374.2360494695604,0.11545068398118019,10.525157153606415,133.92704804241657,"300,2,4,sqrt,30,2,200,10,10,full|diag|tied|spherical"
